orderno;custno;name;city;regioncode;mgr;salesrep;prodno;proddesc;catcode;dat;dayName;dayInWeek;dayInMonth;dayInYear;weekNo;monthName;monthNo;quarter;year;quantity;lineTotal
1001;15;Boer, de;Veghel;GVGH;Karel;Harrie;408;Soja Chocolademelk Biologisch;bio;2012-01-06 00:00:00.000;Fri;6;6;6;1;Jan;1;Q1;2012;9;146.25
1002;16;Velzenmaker;Eindhoven;REHV;Klaas;Harrie;407;Zwezerik;lux;2012-01-07 00:00:00.000;Sat;7;7;7;1;Jan;1;Q1;2012;6;77.70
1002;16;Velzenmaker;Eindhoven;REHV;Klaas;Harrie;410;Soja Vanillevla Biologisch;bio;2012-01-07 00:00:00.000;Sat;7;7;7;1;Jan;1;Q1;2012;15;315.00
1003;13;Heiden, van der;Helmond;RHMD;Gerda;Karel;401;Kaviaar;lux;2012-01-08 00:00:00.000;Sun;1;8;8;2;Jan;1;Q1;2012;18;387.00
1004;19;Zuur;Veghel;GVGH;Karel;Karel;406;Sojamelk Naturel Biologisch;bio;2012-01-14 00:00:00.000;Sat;7;14;14;2;Jan;1;Q1;2012;7;52.50
1005;17;Jansen;Helmond;RHMD;Gerda;Gerda;406;Sojamelk Naturel Biologisch;bio;2012-01-19 00:00:00.000;Thu;5;19;19;3;Jan;1;Q1;2012;19;142.50
1006;11;Jansen;Eindhoven;REHV;Klaas;Herman;411;Sojamelk Gezoet Biologisch;bio;2012-01-20 00:00:00.000;Fri;6;20;20;3;Jan;1;Q1;2012;21;418.95
1007;17;Jansen;Helmond;RHMD;Gerda;Klaas;401;Kaviaar;lux;2012-01-20 00:00:00.000;Fri;6;20;20;3;Jan;1;Q1;2012;16;344.00
1008;16;Velzenmaker;Eindhoven;REHV;Klaas;Herman;410;Soja Vanillevla Biologisch;bio;2012-01-21 00:00:00.000;Sat;7;21;21;3;Jan;1;Q1;2012;8;168.00
1009;16;Velzenmaker;Eindhoven;REHV;Klaas;Gerda;401;Kaviaar;lux;2012-01-22 00:00:00.000;Sun;1;22;22;4;Jan;1;Q1;2012;5;107.50
1009;16;Velzenmaker;Eindhoven;REHV;Klaas;Gerda;402;Ganzenlever;lux;2012-01-22 00:00:00.000;Sun;1;22;22;4;Jan;1;Q1;2012;20;779.00
1009;16;Velzenmaker;Eindhoven;REHV;Klaas;Gerda;408;Soja Chocolademelk Biologisch;bio;2012-01-22 00:00:00.000;Sun;1;22;22;4;Jan;1;Q1;2012;6;97.50
1010;12;Rademakers;Eindhoven;REHV;Klaas;Bertha;410;Soja Vanillevla Biologisch;bio;2012-01-22 00:00:00.000;Sun;1;22;22;4;Jan;1;Q1;2012;18;378.00
1011;12;Rademakers;Eindhoven;REHV;Klaas;Gerda;403;Vruchtenyoghurt Aardbei;zuv;2012-01-23 00:00:00.000;Mon;2;23;23;4;Jan;1;Q1;2012;14;227.50
1012;13;Heiden, van der;Helmond;RHMD;Gerda;Karel;402;Ganzenlever;lux;2012-01-25 00:00:00.000;Wed;4;25;25;4;Jan;1;Q1;2012;7;272.65
1013;18;Bocht;Laarbeek;RHMD;Gerda;Herman;411;Sojamelk Gezoet Biologisch;bio;2012-01-25 00:00:00.000;Wed;4;25;25;4;Jan;1;Q1;2012;9;179.55
1014;19;Zuur;Veghel;GVGH;Karel;Karel;401;Kaviaar;lux;2012-01-27 00:00:00.000;Fri;6;27;27;4;Jan;1;Q1;2012;22;473.00
1014;19;Zuur;Veghel;GVGH;Karel;Karel;405;Magere Kwark;zuv;2012-01-27 00:00:00.000;Fri;6;27;27;4;Jan;1;Q1;2012;9;80.55
1014;19;Zuur;Veghel;GVGH;Karel;Karel;409;Vruchtenyoghurt Mango;zuv;2012-01-27 00:00:00.000;Fri;6;27;27;4;Jan;1;Q1;2012;23;373.75
1015;11;Jansen;Eindhoven;REHV;Klaas;Gerda;410;Soja Vanillevla Biologisch;bio;2012-01-28 00:00:00.000;Sat;7;28;28;4;Jan;1;Q1;2012;9;189.00
1016;19;Zuur;Veghel;GVGH;Karel;Harrie;409;Vruchtenyoghurt Mango;zuv;2012-02-04 00:00:00.000;Sat;7;4;35;5;Feb;2;Q1;2012;6;97.50
1017;14;Kraymans;Erp;GVGH;Karel;Bertha;404;Volle Yoghurt;zuv;2012-02-04 00:00:00.000;Sat;7;4;35;5;Feb;2;Q1;2012;18;207.00
1017;14;Kraymans;Erp;GVGH;Karel;Bertha;405;Magere Kwark;zuv;2012-02-04 00:00:00.000;Sat;7;4;35;5;Feb;2;Q1;2012;14;125.30
1019;15;Boer, de;Veghel;GVGH;Karel;Harrie;409;Vruchtenyoghurt Mango;zuv;2012-02-05 00:00:00.000;Sun;1;5;36;6;Feb;2;Q1;2012;10;162.50
1018;11;Jansen;Eindhoven;REHV;Klaas;Herman;401;Kaviaar;lux;2012-02-05 00:00:00.000;Sun;1;5;36;6;Feb;2;Q1;2012;21;451.50
1020;16;Velzenmaker;Eindhoven;REHV;Klaas;Klaas;409;Vruchtenyoghurt Mango;zuv;2012-02-06 00:00:00.000;Mon;2;6;37;6;Feb;2;Q1;2012;11;178.75
1020;16;Velzenmaker;Eindhoven;REHV;Klaas;Klaas;411;Sojamelk Gezoet Biologisch;bio;2012-02-06 00:00:00.000;Mon;2;6;37;6;Feb;2;Q1;2012;20;399.00
1021;11;Jansen;Eindhoven;REHV;Klaas;Harrie;408;Soja Chocolademelk Biologisch;bio;2012-02-06 00:00:00.000;Mon;2;6;37;6;Feb;2;Q1;2012;7;113.75
1022;17;Jansen;Helmond;RHMD;Gerda;Klaas;404;Volle Yoghurt;zuv;2012-02-07 00:00:00.000;Tue;3;7;38;6;Feb;2;Q1;2012;17;195.50
1023;19;Zuur;Veghel;GVGH;Karel;Herman;401;Kaviaar;lux;2012-02-10 00:00:00.000;Fri;6;10;41;6;Feb;2;Q1;2012;8;172.00
1024;11;Jansen;Eindhoven;REHV;Klaas;Klaas;410;Soja Vanillevla Biologisch;bio;2012-02-11 00:00:00.000;Sat;7;11;42;6;Feb;2;Q1;2012;17;357.00
1025;11;Jansen;Eindhoven;REHV;Klaas;Bertha;410;Soja Vanillevla Biologisch;bio;2012-02-12 00:00:00.000;Sun;1;12;43;7;Feb;2;Q1;2012;5;105.00
1026;17;Jansen;Helmond;RHMD;Gerda;Harrie;402;Ganzenlever;lux;2012-02-12 00:00:00.000;Sun;1;12;43;7;Feb;2;Q1;2012;6;233.70
1027;14;Kraymans;Erp;GVGH;Karel;Karel;409;Vruchtenyoghurt Mango;zuv;2012-02-15 00:00:00.000;Wed;4;15;46;7;Feb;2;Q1;2012;21;341.25
1028;16;Velzenmaker;Eindhoven;REHV;Klaas;Bertha;405;Magere Kwark;zuv;2012-02-17 00:00:00.000;Fri;6;17;48;7;Feb;2;Q1;2012;11;98.45
1029;13;Heiden, van der;Helmond;RHMD;Gerda;Karel;401;Kaviaar;lux;2012-02-17 00:00:00.000;Fri;6;17;48;7;Feb;2;Q1;2012;18;387.00
1030;13;Heiden, van der;Helmond;RHMD;Gerda;Karel;411;Sojamelk Gezoet Biologisch;bio;2012-02-18 00:00:00.000;Sat;7;18;49;7;Feb;2;Q1;2012;8;159.60
1031;15;Boer, de;Veghel;GVGH;Karel;Harrie;401;Kaviaar;lux;2012-02-27 00:00:00.000;Mon;2;27;58;9;Feb;2;Q1;2012;11;236.50
1031;15;Boer, de;Veghel;GVGH;Karel;Harrie;404;Volle Yoghurt;zuv;2012-02-27 00:00:00.000;Mon;2;27;58;9;Feb;2;Q1;2012;18;207.00
1031;15;Boer, de;Veghel;GVGH;Karel;Harrie;409;Vruchtenyoghurt Mango;zuv;2012-02-27 00:00:00.000;Mon;2;27;58;9;Feb;2;Q1;2012;21;341.25
1032;11;Jansen;Eindhoven;REHV;Klaas;Gerda;405;Magere Kwark;zuv;2012-03-03 00:00:00.000;Sat;7;3;63;9;Mar;3;Q1;2012;7;62.65
1032;11;Jansen;Eindhoven;REHV;Klaas;Gerda;411;Sojamelk Gezoet Biologisch;bio;2012-03-03 00:00:00.000;Sat;7;3;63;9;Mar;3;Q1;2012;16;319.20
1033;12;Rademakers;Eindhoven;REHV;Klaas;Klaas;406;Sojamelk Naturel Biologisch;bio;2012-03-04 00:00:00.000;Sun;1;4;64;10;Mar;3;Q1;2012;6;45.00
1034;11;Jansen;Eindhoven;REHV;Klaas;Karel;406;Sojamelk Naturel Biologisch;bio;2012-03-05 00:00:00.000;Mon;2;5;65;10;Mar;3;Q1;2012;8;60.00
1035;15;Boer, de;Veghel;GVGH;Karel;Bertha;410;Soja Vanillevla Biologisch;bio;2012-03-06 00:00:00.000;Tue;3;6;66;10;Mar;3;Q1;2012;14;294.00
1036;14;Kraymans;Erp;GVGH;Karel;Bertha;402;Ganzenlever;lux;2012-03-09 00:00:00.000;Fri;6;9;69;10;Mar;3;Q1;2012;16;623.20
1037;15;Boer, de;Veghel;GVGH;Karel;Klaas;410;Soja Vanillevla Biologisch;bio;2012-03-09 00:00:00.000;Fri;6;9;69;10;Mar;3;Q1;2012;9;189.00
1038;12;Rademakers;Eindhoven;REHV;Klaas;Gerda;404;Volle Yoghurt;zuv;2012-03-11 00:00:00.000;Sun;1;11;71;11;Mar;3;Q1;2012;24;276.00
1039;11;Jansen;Eindhoven;REHV;Klaas;Gerda;402;Ganzenlever;lux;2012-03-14 00:00:00.000;Wed;4;14;74;11;Mar;3;Q1;2012;21;817.95
1039;11;Jansen;Eindhoven;REHV;Klaas;Gerda;407;Zwezerik;lux;2012-03-14 00:00:00.000;Wed;4;14;74;11;Mar;3;Q1;2012;9;116.55
1039;11;Jansen;Eindhoven;REHV;Klaas;Gerda;409;Vruchtenyoghurt Mango;zuv;2012-03-14 00:00:00.000;Wed;4;14;74;11;Mar;3;Q1;2012;8;130.00
1039;11;Jansen;Eindhoven;REHV;Klaas;Gerda;411;Sojamelk Gezoet Biologisch;bio;2012-03-14 00:00:00.000;Wed;4;14;74;11;Mar;3;Q1;2012;24;478.80
1040;20;Bakermans;Waalre;REHV;Klaas;Bertha;410;Soja Vanillevla Biologisch;bio;2012-03-15 00:00:00.000;Thu;5;15;75;11;Mar;3;Q1;2012;5;105.00
1041;17;Jansen;Helmond;RHMD;Gerda;Karel;409;Vruchtenyoghurt Mango;zuv;2012-03-17 00:00:00.000;Sat;7;17;77;11;Mar;3;Q1;2012;15;243.75
1042;18;Bocht;Laarbeek;RHMD;Gerda;Klaas;411;Sojamelk Gezoet Biologisch;bio;2012-03-17 00:00:00.000;Sat;7;17;77;11;Mar;3;Q1;2012;9;179.55
1043;16;Velzenmaker;Eindhoven;REHV;Klaas;Gerda;411;Sojamelk Gezoet Biologisch;bio;2012-03-18 00:00:00.000;Sun;1;18;78;12;Mar;3;Q1;2012;6;119.70
1045;14;Kraymans;Erp;GVGH;Karel;Herman;408;Soja Chocolademelk Biologisch;bio;2012-03-20 00:00:00.000;Tue;3;20;80;12;Mar;3;Q1;2012;11;178.75
1044;13;Heiden, van der;Helmond;RHMD;Gerda;Bertha;404;Volle Yoghurt;zuv;2012-03-20 00:00:00.000;Tue;3;20;80;12;Mar;3;Q1;2012;11;126.50
1046;16;Velzenmaker;Eindhoven;REHV;Klaas;Klaas;401;Kaviaar;lux;2012-03-23 00:00:00.000;Fri;6;23;83;12;Mar;3;Q1;2012;23;494.50
1046;16;Velzenmaker;Eindhoven;REHV;Klaas;Klaas;405;Magere Kwark;zuv;2012-03-23 00:00:00.000;Fri;6;23;83;12;Mar;3;Q1;2012;24;214.80
1047;18;Bocht;Laarbeek;RHMD;Gerda;Harrie;405;Magere Kwark;zuv;2012-03-23 00:00:00.000;Fri;6;23;83;12;Mar;3;Q1;2012;12;107.40
1048;16;Velzenmaker;Eindhoven;REHV;Klaas;Herman;407;Zwezerik;lux;2012-03-27 00:00:00.000;Tue;3;27;87;13;Mar;3;Q1;2012;12;155.40
1049;11;Jansen;Eindhoven;REHV;Klaas;Karel;402;Ganzenlever;lux;2012-03-28 00:00:00.000;Wed;4;28;88;13;Mar;3;Q1;2012;7;272.65
1050;15;Boer, de;Veghel;GVGH;Karel;Herman;402;Ganzenlever;lux;2012-03-30 00:00:00.000;Fri;6;30;90;13;Mar;3;Q1;2012;16;623.20
1051;12;Rademakers;Eindhoven;REHV;Klaas;Klaas;406;Sojamelk Naturel Biologisch;bio;2012-03-31 00:00:00.000;Sat;7;31;91;13;Mar;3;Q1;2012;20;150.00
1052;13;Heiden, van der;Helmond;RHMD;Gerda;Gerda;409;Vruchtenyoghurt Mango;zuv;2012-04-04 00:00:00.000;Wed;4;4;95;14;Apr;4;Q2;2012;11;178.75
1053;19;Zuur;Veghel;GVGH;Karel;Karel;406;Sojamelk Naturel Biologisch;bio;2012-04-06 00:00:00.000;Fri;6;6;97;14;Apr;4;Q2;2012;15;112.50
1054;19;Zuur;Veghel;GVGH;Karel;Klaas;402;Ganzenlever;lux;2012-04-09 00:00:00.000;Mon;2;9;100;15;Apr;4;Q2;2012;4;155.80
1055;18;Bocht;Laarbeek;RHMD;Gerda;Klaas;409;Vruchtenyoghurt Mango;zuv;2012-04-11 00:00:00.000;Wed;4;11;102;15;Apr;4;Q2;2012;9;146.25
1056;20;Bakermans;Waalre;REHV;Klaas;Gerda;406;Sojamelk Naturel Biologisch;bio;2012-04-13 00:00:00.000;Fri;6;13;104;15;Apr;4;Q2;2012;6;45.00
1056;20;Bakermans;Waalre;REHV;Klaas;Gerda;411;Sojamelk Gezoet Biologisch;bio;2012-04-13 00:00:00.000;Fri;6;13;104;15;Apr;4;Q2;2012;11;219.45
1057;17;Jansen;Helmond;RHMD;Gerda;Harrie;411;Sojamelk Gezoet Biologisch;bio;2012-04-16 00:00:00.000;Mon;2;16;107;16;Apr;4;Q2;2012;5;99.75
1058;12;Rademakers;Eindhoven;REHV;Klaas;Harrie;411;Sojamelk Gezoet Biologisch;bio;2012-04-18 00:00:00.000;Wed;4;18;109;16;Apr;4;Q2;2012;14;279.30
1060;15;Boer, de;Veghel;GVGH;Karel;Klaas;405;Magere Kwark;zuv;2012-04-21 00:00:00.000;Sat;7;21;112;16;Apr;4;Q2;2012;15;134.25
1059;20;Bakermans;Waalre;REHV;Klaas;Herman;408;Soja Chocolademelk Biologisch;bio;2012-04-21 00:00:00.000;Sat;7;21;112;16;Apr;4;Q2;2012;23;373.75
1061;12;Rademakers;Eindhoven;REHV;Klaas;Herman;406;Sojamelk Naturel Biologisch;bio;2012-04-28 00:00:00.000;Sat;7;28;119;17;Apr;4;Q2;2012;10;75.00
1062;13;Heiden, van der;Helmond;RHMD;Gerda;Herman;407;Zwezerik;lux;2012-05-05 00:00:00.000;Sat;7;5;126;18;May;5;Q2;2012;15;194.25
1063;11;Jansen;Eindhoven;REHV;Klaas;Karel;407;Zwezerik;lux;2012-05-09 00:00:00.000;Wed;4;9;130;19;May;5;Q2;2012;23;297.85
1064;14;Kraymans;Erp;GVGH;Karel;Karel;406;Sojamelk Naturel Biologisch;bio;2012-05-10 00:00:00.000;Thu;5;10;131;19;May;5;Q2;2012;17;127.50
1064;14;Kraymans;Erp;GVGH;Karel;Karel;408;Soja Chocolademelk Biologisch;bio;2012-05-10 00:00:00.000;Thu;5;10;131;19;May;5;Q2;2012;32;520.00
1064;14;Kraymans;Erp;GVGH;Karel;Karel;409;Vruchtenyoghurt Mango;zuv;2012-05-10 00:00:00.000;Thu;5;10;131;19;May;5;Q2;2012;13;211.25
1065;11;Jansen;Eindhoven;REHV;Klaas;Bertha;404;Volle Yoghurt;zuv;2012-05-17 00:00:00.000;Thu;5;17;138;20;May;5;Q2;2012;12;138.00
1066;13;Heiden, van der;Helmond;RHMD;Gerda;Herman;410;Soja Vanillevla Biologisch;bio;2012-05-18 00:00:00.000;Fri;6;18;139;20;May;5;Q2;2012;6;126.00
1067;16;Velzenmaker;Eindhoven;REHV;Klaas;Gerda;401;Kaviaar;lux;2012-05-21 00:00:00.000;Mon;2;21;142;21;May;5;Q2;2012;6;129.00
1068;12;Rademakers;Eindhoven;REHV;Klaas;Bertha;401;Kaviaar;lux;2012-05-23 00:00:00.000;Wed;4;23;144;21;May;5;Q2;2012;22;473.00
1069;12;Rademakers;Eindhoven;REHV;Klaas;Gerda;410;Soja Vanillevla Biologisch;bio;2012-05-28 00:00:00.000;Mon;2;28;149;22;May;5;Q2;2012;18;378.00
1070;18;Bocht;Laarbeek;RHMD;Gerda;Klaas;406;Sojamelk Naturel Biologisch;bio;2012-06-01 00:00:00.000;Fri;6;1;153;22;Jun;6;Q2;2012;15;112.50
1071;13;Heiden, van der;Helmond;RHMD;Gerda;Gerda;401;Kaviaar;lux;2012-06-02 00:00:00.000;Sat;7;2;154;22;Jun;6;Q2;2012;9;193.50
1072;12;Rademakers;Eindhoven;REHV;Klaas;Bertha;406;Sojamelk Naturel Biologisch;bio;2012-06-05 00:00:00.000;Tue;3;5;157;23;Jun;6;Q2;2012;10;75.00
1073;17;Jansen;Helmond;RHMD;Gerda;Gerda;405;Magere Kwark;zuv;2012-06-06 00:00:00.000;Wed;4;6;158;23;Jun;6;Q2;2012;26;232.70
1074;17;Jansen;Helmond;RHMD;Gerda;Herman;404;Volle Yoghurt;zuv;2012-06-09 00:00:00.000;Sat;7;9;161;23;Jun;6;Q2;2012;6;69.00
1074;17;Jansen;Helmond;RHMD;Gerda;Herman;405;Magere Kwark;zuv;2012-06-09 00:00:00.000;Sat;7;9;161;23;Jun;6;Q2;2012;21;187.95
1074;17;Jansen;Helmond;RHMD;Gerda;Herman;407;Zwezerik;lux;2012-06-09 00:00:00.000;Sat;7;9;161;23;Jun;6;Q2;2012;13;168.35
1075;20;Bakermans;Waalre;REHV;Klaas;Gerda;409;Vruchtenyoghurt Mango;zuv;2012-06-12 00:00:00.000;Tue;3;12;164;24;Jun;6;Q2;2012;7;113.75
1076;14;Kraymans;Erp;GVGH;Karel;Herman;408;Soja Chocolademelk Biologisch;bio;2012-06-13 00:00:00.000;Wed;4;13;165;24;Jun;6;Q2;2012;12;195.00
1077;15;Boer, de;Veghel;GVGH;Karel;Gerda;411;Sojamelk Gezoet Biologisch;bio;2012-06-13 00:00:00.000;Wed;4;13;165;24;Jun;6;Q2;2012;15;299.25
1078;20;Bakermans;Waalre;REHV;Klaas;Gerda;403;Vruchtenyoghurt Aardbei;zuv;2012-06-15 00:00:00.000;Fri;6;15;167;24;Jun;6;Q2;2012;15;243.75
1079;19;Zuur;Veghel;GVGH;Karel;Klaas;406;Sojamelk Naturel Biologisch;bio;2012-06-17 00:00:00.000;Sun;1;17;169;25;Jun;6;Q2;2012;11;82.50
1080;14;Kraymans;Erp;GVGH;Karel;Herman;405;Magere Kwark;zuv;2012-06-22 00:00:00.000;Fri;6;22;174;25;Jun;6;Q2;2012;22;196.90
1081;14;Kraymans;Erp;GVGH;Karel;Gerda;405;Magere Kwark;zuv;2012-06-22 00:00:00.000;Fri;6;22;174;25;Jun;6;Q2;2012;5;44.75
1082;20;Bakermans;Waalre;REHV;Klaas;Klaas;409;Vruchtenyoghurt Mango;zuv;2012-06-22 00:00:00.000;Fri;6;22;174;25;Jun;6;Q2;2012;12;195.00
1083;20;Bakermans;Waalre;REHV;Klaas;Klaas;401;Kaviaar;lux;2012-06-23 00:00:00.000;Sat;7;23;175;25;Jun;6;Q2;2012;7;150.50
1083;20;Bakermans;Waalre;REHV;Klaas;Klaas;402;Ganzenlever;lux;2012-06-23 00:00:00.000;Sat;7;23;175;25;Jun;6;Q2;2012;6;233.70
1083;20;Bakermans;Waalre;REHV;Klaas;Klaas;404;Volle Yoghurt;zuv;2012-06-23 00:00:00.000;Sat;7;23;175;25;Jun;6;Q2;2012;23;264.50
1085;15;Boer, de;Veghel;GVGH;Karel;Bertha;406;Sojamelk Naturel Biologisch;bio;2012-06-27 00:00:00.000;Wed;4;27;179;26;Jun;6;Q2;2012;19;142.50
1084;18;Bocht;Laarbeek;RHMD;Gerda;Bertha;404;Volle Yoghurt;zuv;2012-06-27 00:00:00.000;Wed;4;27;179;26;Jun;6;Q2;2012;19;218.50
1086;16;Velzenmaker;Eindhoven;REHV;Klaas;Gerda;411;Sojamelk Gezoet Biologisch;bio;2012-07-01 00:00:00.000;Sun;1;1;183;27;Jul;7;Q3;2012;6;119.70
1087;16;Velzenmaker;Eindhoven;REHV;Klaas;Klaas;404;Volle Yoghurt;zuv;2012-07-04 00:00:00.000;Wed;4;4;186;27;Jul;7;Q3;2012;21;241.50
1088;14;Kraymans;Erp;GVGH;Karel;Gerda;403;Vruchtenyoghurt Aardbei;zuv;2012-07-06 00:00:00.000;Fri;6;6;188;27;Jul;7;Q3;2012;12;195.00
1089;16;Velzenmaker;Eindhoven;REHV;Klaas;Klaas;403;Vruchtenyoghurt Aardbei;zuv;2012-07-12 00:00:00.000;Thu;5;12;194;28;Jul;7;Q3;2012;11;178.75
1090;20;Bakermans;Waalre;REHV;Klaas;Gerda;407;Zwezerik;lux;2012-07-12 00:00:00.000;Thu;5;12;194;28;Jul;7;Q3;2012;22;284.90
1091;14;Kraymans;Erp;GVGH;Karel;Bertha;411;Sojamelk Gezoet Biologisch;bio;2012-07-14 00:00:00.000;Sat;7;14;196;28;Jul;7;Q3;2012;7;139.65
1092;16;Velzenmaker;Eindhoven;REHV;Klaas;Bertha;410;Soja Vanillevla Biologisch;bio;2012-07-21 00:00:00.000;Sat;7;21;203;29;Jul;7;Q3;2012;7;147.00
1093;19;Zuur;Veghel;GVGH;Karel;Karel;402;Ganzenlever;lux;2012-07-23 00:00:00.000;Mon;2;23;205;30;Jul;7;Q3;2012;15;584.25
1094;16;Velzenmaker;Eindhoven;REHV;Klaas;Harrie;405;Magere Kwark;zuv;2012-07-26 00:00:00.000;Thu;5;26;208;30;Jul;7;Q3;2012;21;187.95
1095;16;Velzenmaker;Eindhoven;REHV;Klaas;Gerda;409;Vruchtenyoghurt Mango;zuv;2012-07-26 00:00:00.000;Thu;5;26;208;30;Jul;7;Q3;2012;5;81.25
1096;11;Jansen;Eindhoven;REHV;Klaas;Gerda;404;Volle Yoghurt;zuv;2012-07-26 00:00:00.000;Thu;5;26;208;30;Jul;7;Q3;2012;24;276.00
1097;17;Jansen;Helmond;RHMD;Gerda;Karel;410;Soja Vanillevla Biologisch;bio;2012-08-01 00:00:00.000;Wed;4;1;214;31;Aug;8;Q3;2012;12;252.00
1098;11;Jansen;Eindhoven;REHV;Klaas;Karel;404;Volle Yoghurt;zuv;2012-08-03 00:00:00.000;Fri;6;3;216;31;Aug;8;Q3;2012;19;218.50
1099;20;Bakermans;Waalre;REHV;Klaas;Harrie;401;Kaviaar;lux;2012-08-04 00:00:00.000;Sat;7;4;217;31;Aug;8;Q3;2012;23;494.50
1099;20;Bakermans;Waalre;REHV;Klaas;Harrie;406;Sojamelk Naturel Biologisch;bio;2012-08-04 00:00:00.000;Sat;7;4;217;31;Aug;8;Q3;2012;9;67.50
1099;20;Bakermans;Waalre;REHV;Klaas;Harrie;411;Sojamelk Gezoet Biologisch;bio;2012-08-04 00:00:00.000;Sat;7;4;217;31;Aug;8;Q3;2012;21;418.95
1100;12;Rademakers;Eindhoven;REHV;Klaas;Gerda;405;Magere Kwark;zuv;2012-08-06 00:00:00.000;Mon;2;6;219;32;Aug;8;Q3;2012;13;116.35
1101;13;Heiden, van der;Helmond;RHMD;Gerda;Karel;406;Sojamelk Naturel Biologisch;bio;2012-08-11 00:00:00.000;Sat;7;11;224;32;Aug;8;Q3;2012;19;142.50
1102;18;Bocht;Laarbeek;RHMD;Gerda;Herman;403;Vruchtenyoghurt Aardbei;zuv;2012-08-13 00:00:00.000;Mon;2;13;226;33;Aug;8;Q3;2012;30;487.50
1103;19;Zuur;Veghel;GVGH;Karel;Herman;408;Soja Chocolademelk Biologisch;bio;2012-08-17 00:00:00.000;Fri;6;17;230;33;Aug;8;Q3;2012;21;341.25
1103;19;Zuur;Veghel;GVGH;Karel;Herman;410;Soja Vanillevla Biologisch;bio;2012-08-17 00:00:00.000;Fri;6;17;230;33;Aug;8;Q3;2012;9;189.00
1104;20;Bakermans;Waalre;REHV;Klaas;Klaas;406;Sojamelk Naturel Biologisch;bio;2012-08-18 00:00:00.000;Sat;7;18;231;33;Aug;8;Q3;2012;11;82.50
1105;11;Jansen;Eindhoven;REHV;Klaas;Herman;410;Soja Vanillevla Biologisch;bio;2012-08-20 00:00:00.000;Mon;2;20;233;34;Aug;8;Q3;2012;20;420.00
1106;15;Boer, de;Veghel;GVGH;Karel;Klaas;407;Zwezerik;lux;2012-08-26 00:00:00.000;Sun;1;26;239;35;Aug;8;Q3;2012;11;142.45
1107;18;Bocht;Laarbeek;RHMD;Gerda;Karel;402;Ganzenlever;lux;2012-09-21 00:00:00.000;Fri;6;21;265;38;Sep;9;Q3;2012;11;428.45
1107;18;Bocht;Laarbeek;RHMD;Gerda;Karel;403;Vruchtenyoghurt Aardbei;zuv;2012-09-21 00:00:00.000;Fri;6;21;265;38;Sep;9;Q3;2012;20;325.00
1108;19;Zuur;Veghel;GVGH;Karel;Bertha;407;Zwezerik;lux;2012-09-24 00:00:00.000;Mon;2;24;268;39;Sep;9;Q3;2012;17;220.15
1109;16;Velzenmaker;Eindhoven;REHV;Klaas;Gerda;402;Ganzenlever;lux;2012-09-24 00:00:00.000;Mon;2;24;268;39;Sep;9;Q3;2012;9;350.55
1109;16;Velzenmaker;Eindhoven;REHV;Klaas;Gerda;404;Volle Yoghurt;zuv;2012-09-24 00:00:00.000;Mon;2;24;268;39;Sep;9;Q3;2012;17;195.50
1109;16;Velzenmaker;Eindhoven;REHV;Klaas;Gerda;406;Sojamelk Naturel Biologisch;bio;2012-09-24 00:00:00.000;Mon;2;24;268;39;Sep;9;Q3;2012;22;165.00
1110;15;Boer, de;Veghel;GVGH;Karel;Klaas;410;Soja Vanillevla Biologisch;bio;2012-09-26 00:00:00.000;Wed;4;26;270;39;Sep;9;Q3;2012;13;273.00
1111;17;Jansen;Helmond;RHMD;Gerda;Harrie;403;Vruchtenyoghurt Aardbei;zuv;2012-09-28 00:00:00.000;Fri;6;28;272;39;Sep;9;Q3;2012;18;292.50
1112;16;Velzenmaker;Eindhoven;REHV;Klaas;Karel;408;Soja Chocolademelk Biologisch;bio;2012-10-01 00:00:00.000;Mon;2;1;275;40;Oct;10;Q4;2012;14;227.50
1113;19;Zuur;Veghel;GVGH;Karel;Harrie;403;Vruchtenyoghurt Aardbei;zuv;2012-10-04 00:00:00.000;Thu;5;4;278;40;Oct;10;Q4;2012;13;211.25
1114;18;Bocht;Laarbeek;RHMD;Gerda;Klaas;405;Magere Kwark;zuv;2012-10-05 00:00:00.000;Fri;6;5;279;40;Oct;10;Q4;2012;9;80.55
1115;17;Jansen;Helmond;RHMD;Gerda;Gerda;401;Kaviaar;lux;2012-10-05 00:00:00.000;Fri;6;5;279;40;Oct;10;Q4;2012;21;451.50
1115;17;Jansen;Helmond;RHMD;Gerda;Gerda;406;Sojamelk Naturel Biologisch;bio;2012-10-05 00:00:00.000;Fri;6;5;279;40;Oct;10;Q4;2012;22;165.00
1115;17;Jansen;Helmond;RHMD;Gerda;Gerda;407;Zwezerik;lux;2012-10-05 00:00:00.000;Fri;6;5;279;40;Oct;10;Q4;2012;13;168.35
1116;18;Bocht;Laarbeek;RHMD;Gerda;Klaas;405;Magere Kwark;zuv;2012-10-06 00:00:00.000;Sat;7;6;280;40;Oct;10;Q4;2012;6;53.70
1117;17;Jansen;Helmond;RHMD;Gerda;Harrie;404;Volle Yoghurt;zuv;2012-10-08 00:00:00.000;Mon;2;8;282;41;Oct;10;Q4;2012;5;57.50
1118;12;Rademakers;Eindhoven;REHV;Klaas;Harrie;410;Soja Vanillevla Biologisch;bio;2012-10-09 00:00:00.000;Tue;3;9;283;41;Oct;10;Q4;2012;19;399.00
1119;13;Heiden, van der;Helmond;RHMD;Gerda;Harrie;404;Volle Yoghurt;zuv;2012-10-11 00:00:00.000;Thu;5;11;285;41;Oct;10;Q4;2012;6;69.00
1120;17;Jansen;Helmond;RHMD;Gerda;Bertha;401;Kaviaar;lux;2012-10-12 00:00:00.000;Fri;6;12;286;41;Oct;10;Q4;2012;8;172.00
1121;18;Bocht;Laarbeek;RHMD;Gerda;Bertha;401;Kaviaar;lux;2012-10-15 00:00:00.000;Mon;2;15;289;42;Oct;10;Q4;2012;23;494.50
1122;13;Heiden, van der;Helmond;RHMD;Gerda;Klaas;407;Zwezerik;lux;2012-10-17 00:00:00.000;Wed;4;17;291;42;Oct;10;Q4;2012;10;129.50
1123;13;Heiden, van der;Helmond;RHMD;Gerda;Gerda;401;Kaviaar;lux;2012-10-18 00:00:00.000;Thu;5;18;292;42;Oct;10;Q4;2012;13;279.50
1123;13;Heiden, van der;Helmond;RHMD;Gerda;Gerda;409;Vruchtenyoghurt Mango;zuv;2012-10-18 00:00:00.000;Thu;5;18;292;42;Oct;10;Q4;2012;10;162.50
1124;11;Jansen;Eindhoven;REHV;Klaas;Klaas;409;Vruchtenyoghurt Mango;zuv;2012-10-21 00:00:00.000;Sun;1;21;295;43;Oct;10;Q4;2012;23;373.75
1126;14;Kraymans;Erp;GVGH;Karel;Gerda;406;Sojamelk Naturel Biologisch;bio;2012-10-23 00:00:00.000;Tue;3;23;297;43;Oct;10;Q4;2012;23;172.50
1127;11;Jansen;Eindhoven;REHV;Klaas;Bertha;402;Ganzenlever;lux;2012-10-23 00:00:00.000;Tue;3;23;297;43;Oct;10;Q4;2012;19;740.05
1125;17;Jansen;Helmond;RHMD;Gerda;Klaas;405;Magere Kwark;zuv;2012-10-23 00:00:00.000;Tue;3;23;297;43;Oct;10;Q4;2012;23;205.85
1128;12;Rademakers;Eindhoven;REHV;Klaas;Gerda;410;Soja Vanillevla Biologisch;bio;2012-10-27 00:00:00.000;Sat;7;27;301;43;Oct;10;Q4;2012;23;483.00
1129;20;Bakermans;Waalre;REHV;Klaas;Bertha;405;Magere Kwark;zuv;2012-10-31 00:00:00.000;Wed;4;31;305;44;Oct;10;Q4;2012;10;89.50
1130;18;Bocht;Laarbeek;RHMD;Gerda;Harrie;405;Magere Kwark;zuv;2012-11-01 00:00:00.000;Thu;5;1;306;44;Nov;11;Q4;2012;15;134.25
1130;18;Bocht;Laarbeek;RHMD;Gerda;Harrie;408;Soja Chocolademelk Biologisch;bio;2012-11-01 00:00:00.000;Thu;5;1;306;44;Nov;11;Q4;2012;15;243.75
1130;18;Bocht;Laarbeek;RHMD;Gerda;Harrie;409;Vruchtenyoghurt Mango;zuv;2012-11-01 00:00:00.000;Thu;5;1;306;44;Nov;11;Q4;2012;5;81.25
1130;18;Bocht;Laarbeek;RHMD;Gerda;Harrie;410;Soja Vanillevla Biologisch;bio;2012-11-01 00:00:00.000;Thu;5;1;306;44;Nov;11;Q4;2012;2;42.00
1131;12;Rademakers;Eindhoven;REHV;Klaas;Herman;409;Vruchtenyoghurt Mango;zuv;2012-11-02 00:00:00.000;Fri;6;2;307;44;Nov;11;Q4;2012;5;81.25
1133;19;Zuur;Veghel;GVGH;Karel;Karel;404;Volle Yoghurt;zuv;2012-11-08 00:00:00.000;Thu;5;8;313;45;Nov;11;Q4;2012;15;172.50
1132;20;Bakermans;Waalre;REHV;Klaas;Herman;411;Sojamelk Gezoet Biologisch;bio;2012-11-08 00:00:00.000;Thu;5;8;313;45;Nov;11;Q4;2012;22;438.90
1134;17;Jansen;Helmond;RHMD;Gerda;Klaas;409;Vruchtenyoghurt Mango;zuv;2012-11-10 00:00:00.000;Sat;7;10;315;45;Nov;11;Q4;2012;6;97.50
1135;20;Bakermans;Waalre;REHV;Klaas;Karel;404;Volle Yoghurt;zuv;2012-11-11 00:00:00.000;Sun;1;11;316;46;Nov;11;Q4;2012;23;264.50
1136;13;Heiden, van der;Helmond;RHMD;Gerda;Herman;407;Zwezerik;lux;2012-11-13 00:00:00.000;Tue;3;13;318;46;Nov;11;Q4;2012;5;64.75
1137;16;Velzenmaker;Eindhoven;REHV;Klaas;Klaas;402;Ganzenlever;lux;2012-11-14 00:00:00.000;Wed;4;14;319;46;Nov;11;Q4;2012;6;233.70
1139;19;Zuur;Veghel;GVGH;Karel;Gerda;410;Soja Vanillevla Biologisch;bio;2012-11-17 00:00:00.000;Sat;7;17;322;46;Nov;11;Q4;2012;22;462.00
1138;13;Heiden, van der;Helmond;RHMD;Gerda;Karel;403;Vruchtenyoghurt Aardbei;zuv;2012-11-17 00:00:00.000;Sat;7;17;322;46;Nov;11;Q4;2012;2;32.50
1138;13;Heiden, van der;Helmond;RHMD;Gerda;Karel;410;Soja Vanillevla Biologisch;bio;2012-11-17 00:00:00.000;Sat;7;17;322;46;Nov;11;Q4;2012;12;252.00
1141;14;Kraymans;Erp;GVGH;Karel;Herman;403;Vruchtenyoghurt Aardbei;zuv;2012-11-19 00:00:00.000;Mon;2;19;324;47;Nov;11;Q4;2012;21;341.25
1140;13;Heiden, van der;Helmond;RHMD;Gerda;Karel;405;Magere Kwark;zuv;2012-11-19 00:00:00.000;Mon;2;19;324;47;Nov;11;Q4;2012;19;170.05
1143;15;Boer, de;Veghel;GVGH;Karel;Karel;407;Zwezerik;lux;2012-11-24 00:00:00.000;Sat;7;24;329;47;Nov;11;Q4;2012;12;155.40
1142;11;Jansen;Eindhoven;REHV;Klaas;Klaas;403;Vruchtenyoghurt Aardbei;zuv;2012-11-24 00:00:00.000;Sat;7;24;329;47;Nov;11;Q4;2012;6;97.50
1144;15;Boer, de;Veghel;GVGH;Karel;Klaas;406;Sojamelk Naturel Biologisch;bio;2012-11-27 00:00:00.000;Tue;3;27;332;48;Nov;11;Q4;2012;10;75.00
1145;14;Kraymans;Erp;GVGH;Karel;Klaas;405;Magere Kwark;zuv;2012-11-28 00:00:00.000;Wed;4;28;333;48;Nov;11;Q4;2012;13;116.35
1146;14;Kraymans;Erp;GVGH;Karel;Bertha;402;Ganzenlever;lux;2012-11-30 00:00:00.000;Fri;6;30;335;48;Nov;11;Q4;2012;8;311.60
1146;14;Kraymans;Erp;GVGH;Karel;Bertha;403;Vruchtenyoghurt Aardbei;zuv;2012-11-30 00:00:00.000;Fri;6;30;335;48;Nov;11;Q4;2012;14;227.50
1146;14;Kraymans;Erp;GVGH;Karel;Bertha;406;Sojamelk Naturel Biologisch;bio;2012-11-30 00:00:00.000;Fri;6;30;335;48;Nov;11;Q4;2012;15;112.50
1147;13;Heiden, van der;Helmond;RHMD;Gerda;Bertha;409;Vruchtenyoghurt Mango;zuv;2012-12-03 00:00:00.000;Mon;2;3;338;49;Dec;12;Q4;2012;8;130.00
1148;19;Zuur;Veghel;GVGH;Karel;Herman;405;Magere Kwark;zuv;2012-12-04 00:00:00.000;Tue;3;4;339;49;Dec;12;Q4;2012;2;17.90
1150;14;Kraymans;Erp;GVGH;Karel;Karel;403;Vruchtenyoghurt Aardbei;zuv;2012-12-08 00:00:00.000;Sat;7;8;343;49;Dec;12;Q4;2012;6;97.50
1149;18;Bocht;Laarbeek;RHMD;Gerda;Karel;409;Vruchtenyoghurt Mango;zuv;2012-12-08 00:00:00.000;Sat;7;8;343;49;Dec;12;Q4;2012;7;113.75
1151;19;Zuur;Veghel;GVGH;Karel;Harrie;402;Ganzenlever;lux;2012-12-09 00:00:00.000;Sun;1;9;344;50;Dec;12;Q4;2012;12;467.40
1152;11;Jansen;Eindhoven;REHV;Klaas;Gerda;404;Volle Yoghurt;zuv;2012-12-15 00:00:00.000;Sat;7;15;350;50;Dec;12;Q4;2012;6;69.00
1153;18;Bocht;Laarbeek;RHMD;Gerda;Karel;407;Zwezerik;lux;2012-12-15 00:00:00.000;Sat;7;15;350;50;Dec;12;Q4;2012;19;246.05
1154;13;Heiden, van der;Helmond;RHMD;Gerda;Karel;407;Zwezerik;lux;2012-12-15 00:00:00.000;Sat;7;15;350;50;Dec;12;Q4;2012;17;220.15
1155;14;Kraymans;Erp;GVGH;Karel;Karel;406;Sojamelk Naturel Biologisch;bio;2012-12-17 00:00:00.000;Mon;2;17;352;51;Dec;12;Q4;2012;7;52.50
1156;18;Bocht;Laarbeek;RHMD;Gerda;Karel;405;Magere Kwark;zuv;2012-12-17 00:00:00.000;Mon;2;17;352;51;Dec;12;Q4;2012;21;187.95
1157;15;Boer, de;Veghel;GVGH;Karel;Herman;402;Ganzenlever;lux;2012-12-18 00:00:00.000;Tue;3;18;353;51;Dec;12;Q4;2012;13;506.35
1158;15;Boer, de;Veghel;GVGH;Karel;Gerda;411;Sojamelk Gezoet Biologisch;bio;2012-12-19 00:00:00.000;Wed;4;19;354;51;Dec;12;Q4;2012;7;139.65
1159;17;Jansen;Helmond;RHMD;Gerda;Karel;405;Magere Kwark;zuv;2012-12-20 00:00:00.000;Thu;5;20;355;51;Dec;12;Q4;2012;5;44.75
1160;14;Kraymans;Erp;GVGH;Karel;Bertha;410;Soja Vanillevla Biologisch;bio;2012-12-23 00:00:00.000;Sun;1;23;358;52;Dec;12;Q4;2012;5;105.00
1161;19;Zuur;Veghel;GVGH;Karel;Gerda;404;Volle Yoghurt;zuv;2012-12-25 00:00:00.000;Tue;3;25;360;52;Dec;12;Q4;2012;18;207.00
1162;16;Velzenmaker;Eindhoven;REHV;Klaas;Harrie;401;Kaviaar;lux;2012-12-31 00:00:00.000;Mon;2;31;366;53;Dec;12;Q4;2012;17;365.50
1163;12;Rademakers;Eindhoven;REHV;Klaas;Herman;411;Sojamelk Gezoet Biologisch;bio;2013-01-03 00:00:00.000;Thu;5;3;3;1;Jan;1;Q1;2013;23;458.85
1164;20;Bakermans;Waalre;REHV;Klaas;Harrie;411;Sojamelk Gezoet Biologisch;bio;2013-01-04 00:00:00.000;Fri;6;4;4;1;Jan;1;Q1;2013;21;418.95
1165;11;Jansen;Eindhoven;REHV;Klaas;Herman;408;Soja Chocolademelk Biologisch;bio;2013-01-04 00:00:00.000;Fri;6;4;4;1;Jan;1;Q1;2013;18;305.10
1166;19;Zuur;Veghel;GVGH;Karel;Herman;401;Kaviaar;lux;2013-01-06 00:00:00.000;Sun;1;6;6;2;Jan;1;Q1;2013;15;322.50
1167;16;Velzenmaker;Eindhoven;REHV;Klaas;Harrie;410;Soja Vanillevla Biologisch;bio;2013-01-08 00:00:00.000;Tue;3;8;8;2;Jan;1;Q1;2013;18;378.00
1168;13;Heiden, van der;Helmond;RHMD;Gerda;Bertha;406;Sojamelk Naturel Biologisch;bio;2013-01-12 00:00:00.000;Sat;7;12;12;2;Jan;1;Q1;2013;5;37.50
1169;14;Kraymans;Erp;GVGH;Karel;Klaas;411;Sojamelk Gezoet Biologisch;bio;2013-01-17 00:00:00.000;Thu;5;17;17;3;Jan;1;Q1;2013;2;39.90
1170;19;Zuur;Veghel;GVGH;Karel;Klaas;404;Volle Yoghurt;zuv;2013-01-20 00:00:00.000;Sun;1;20;20;4;Jan;1;Q1;2013;17;195.50
1171;15;Boer, de;Veghel;GVGH;Karel;Bertha;404;Volle Yoghurt;zuv;2013-01-20 00:00:00.000;Sun;1;20;20;4;Jan;1;Q1;2013;18;207.00
1173;14;Kraymans;Erp;GVGH;Karel;Karel;406;Sojamelk Naturel Biologisch;bio;2013-01-21 00:00:00.000;Mon;2;21;21;4;Jan;1;Q1;2013;11;82.50
1172;17;Jansen;Helmond;RHMD;Gerda;Harrie;402;Ganzenlever;lux;2013-01-21 00:00:00.000;Mon;2;21;21;4;Jan;1;Q1;2013;15;599.25
1174;12;Rademakers;Eindhoven;REHV;Klaas;Bertha;406;Sojamelk Naturel Biologisch;bio;2013-01-22 00:00:00.000;Tue;3;22;22;4;Jan;1;Q1;2013;12;90.00
1175;14;Kraymans;Erp;GVGH;Karel;Herman;406;Sojamelk Naturel Biologisch;bio;2013-01-28 00:00:00.000;Mon;2;28;28;5;Jan;1;Q1;2013;18;135.00
1176;15;Boer, de;Veghel;GVGH;Karel;Karel;405;Magere Kwark;zuv;2013-01-28 00:00:00.000;Mon;2;28;28;5;Jan;1;Q1;2013;20;179.00
1177;12;Rademakers;Eindhoven;REHV;Klaas;Harrie;405;Magere Kwark;zuv;2013-02-02 00:00:00.000;Sat;7;2;33;5;Feb;2;Q1;2013;24;214.80
1177;12;Rademakers;Eindhoven;REHV;Klaas;Harrie;408;Soja Chocolademelk Biologisch;bio;2013-02-02 00:00:00.000;Sat;7;2;33;5;Feb;2;Q1;2013;9;152.55
1177;12;Rademakers;Eindhoven;REHV;Klaas;Harrie;410;Soja Vanillevla Biologisch;bio;2013-02-02 00:00:00.000;Sat;7;2;33;5;Feb;2;Q1;2013;7;147.00
1177;12;Rademakers;Eindhoven;REHV;Klaas;Harrie;411;Sojamelk Gezoet Biologisch;bio;2013-02-02 00:00:00.000;Sat;7;2;33;5;Feb;2;Q1;2013;16;319.20
1178;11;Jansen;Eindhoven;REHV;Klaas;Gerda;405;Magere Kwark;zuv;2013-02-04 00:00:00.000;Mon;2;4;35;6;Feb;2;Q1;2013;7;62.65
1179;12;Rademakers;Eindhoven;REHV;Klaas;Gerda;401;Kaviaar;lux;2013-02-07 00:00:00.000;Thu;5;7;38;6;Feb;2;Q1;2013;7;150.50
1180;14;Kraymans;Erp;GVGH;Karel;Karel;408;Soja Chocolademelk Biologisch;bio;2013-02-09 00:00:00.000;Sat;7;9;40;6;Feb;2;Q1;2013;16;271.20
1181;18;Bocht;Laarbeek;RHMD;Gerda;Klaas;402;Ganzenlever;lux;2013-02-14 00:00:00.000;Thu;5;14;45;7;Feb;2;Q1;2013;14;559.30
1181;18;Bocht;Laarbeek;RHMD;Gerda;Klaas;411;Sojamelk Gezoet Biologisch;bio;2013-02-14 00:00:00.000;Thu;5;14;45;7;Feb;2;Q1;2013;10;199.50
1182;14;Kraymans;Erp;GVGH;Karel;Herman;408;Soja Chocolademelk Biologisch;bio;2013-02-23 00:00:00.000;Sat;7;23;54;8;Feb;2;Q1;2013;5;84.75
1183;14;Kraymans;Erp;GVGH;Karel;Herman;407;Zwezerik;lux;2013-02-24 00:00:00.000;Sun;1;24;55;9;Feb;2;Q1;2013;2;25.90
1184;11;Jansen;Eindhoven;REHV;Klaas;Harrie;410;Soja Vanillevla Biologisch;bio;2013-02-24 00:00:00.000;Sun;1;24;55;9;Feb;2;Q1;2013;14;294.00
1185;18;Bocht;Laarbeek;RHMD;Gerda;Karel;403;Vruchtenyoghurt Aardbei;zuv;2013-02-25 00:00:00.000;Mon;2;25;56;9;Feb;2;Q1;2013;15;243.75
1186;20;Bakermans;Waalre;REHV;Klaas;Gerda;408;Soja Chocolademelk Biologisch;bio;2013-02-27 00:00:00.000;Wed;4;27;58;9;Feb;2;Q1;2013;15;254.25
1187;11;Jansen;Eindhoven;REHV;Klaas;Klaas;410;Soja Vanillevla Biologisch;bio;2013-03-19 00:00:00.000;Tue;3;19;78;12;Mar;3;Q1;2013;7;147.00
1187;11;Jansen;Eindhoven;REHV;Klaas;Klaas;410;Soja Vanillevla Biologisch;bio;2013-03-19 00:00:00.000;Tue;3;19;78;12;Mar;3;Q1;2013;7;157.50
1188;16;Velzenmaker;Eindhoven;REHV;Klaas;Bertha;405;Magere Kwark;zuv;2013-03-20 00:00:00.000;Wed;4;20;79;12;Mar;3;Q1;2013;7;62.65
1189;13;Heiden, van der;Helmond;RHMD;Gerda;Herman;404;Volle Yoghurt;zuv;2013-03-24 00:00:00.000;Sun;1;24;83;13;Mar;3;Q1;2013;18;207.00
1190;15;Boer, de;Veghel;GVGH;Karel;Herman;408;Soja Chocolademelk Biologisch;bio;2013-03-28 00:00:00.000;Thu;5;28;87;13;Mar;3;Q1;2013;6;101.70
1192;12;Rademakers;Eindhoven;REHV;Klaas;Herman;401;Kaviaar;lux;2013-03-29 00:00:00.000;Fri;6;29;88;13;Mar;3;Q1;2013;9;193.50
1191;13;Heiden, van der;Helmond;RHMD;Gerda;Gerda;409;Vruchtenyoghurt Mango;zuv;2013-03-29 00:00:00.000;Fri;6;29;88;13;Mar;3;Q1;2013;12;195.00
1193;15;Boer, de;Veghel;GVGH;Karel;Bertha;401;Kaviaar;lux;2013-03-31 00:00:00.000;Sun;1;31;90;14;Mar;3;Q1;2013;23;494.50
1194;11;Jansen;Eindhoven;REHV;Klaas;Bertha;404;Volle Yoghurt;zuv;2013-04-01 00:00:00.000;Mon;2;1;91;14;Apr;4;Q2;2013;20;230.00
1195;13;Heiden, van der;Helmond;RHMD;Gerda;Karel;406;Sojamelk Naturel Biologisch;bio;2013-04-02 00:00:00.000;Tue;3;2;92;14;Apr;4;Q2;2013;21;173.25
1196;13;Heiden, van der;Helmond;RHMD;Gerda;Karel;402;Ganzenlever;lux;2013-04-17 00:00:00.000;Wed;4;17;107;16;Apr;4;Q2;2013;11;439.45
1198;14;Kraymans;Erp;GVGH;Karel;Herman;401;Kaviaar;lux;2013-04-18 00:00:00.000;Thu;5;18;108;16;Apr;4;Q2;2013;8;172.00
1198;14;Kraymans;Erp;GVGH;Karel;Herman;404;Volle Yoghurt;zuv;2013-04-18 00:00:00.000;Thu;5;18;108;16;Apr;4;Q2;2013;13;149.50
1198;14;Kraymans;Erp;GVGH;Karel;Herman;406;Sojamelk Naturel Biologisch;bio;2013-04-18 00:00:00.000;Thu;5;18;108;16;Apr;4;Q2;2013;13;107.25
1198;14;Kraymans;Erp;GVGH;Karel;Herman;407;Zwezerik;lux;2013-04-18 00:00:00.000;Thu;5;18;108;16;Apr;4;Q2;2013;13;168.35
1198;14;Kraymans;Erp;GVGH;Karel;Herman;408;Soja Chocolademelk Biologisch;bio;2013-04-18 00:00:00.000;Thu;5;18;108;16;Apr;4;Q2;2013;12;203.40
1197;16;Velzenmaker;Eindhoven;REHV;Klaas;Harrie;402;Ganzenlever;lux;2013-04-18 00:00:00.000;Thu;5;18;108;16;Apr;4;Q2;2013;5;199.75
1199;17;Jansen;Helmond;RHMD;Gerda;Herman;402;Ganzenlever;lux;2013-04-19 00:00:00.000;Fri;6;19;109;16;Apr;4;Q2;2013;17;679.15
1200;19;Zuur;Veghel;GVGH;Karel;Harrie;410;Soja Vanillevla Biologisch;bio;2013-04-22 00:00:00.000;Mon;2;22;112;17;Apr;4;Q2;2013;8;180.00
1201;12;Rademakers;Eindhoven;REHV;Klaas;Gerda;405;Magere Kwark;zuv;2013-04-23 00:00:00.000;Tue;3;23;113;17;Apr;4;Q2;2013;20;179.00
1201;12;Rademakers;Eindhoven;REHV;Klaas;Gerda;411;Sojamelk Gezoet Biologisch;bio;2013-04-23 00:00:00.000;Tue;3;23;113;17;Apr;4;Q2;2013;15;299.25
1202;20;Bakermans;Waalre;REHV;Klaas;Bertha;402;Ganzenlever;lux;2013-04-27 00:00:00.000;Sat;7;27;117;17;Apr;4;Q2;2013;9;359.55
1203;14;Kraymans;Erp;GVGH;Karel;Harrie;410;Soja Vanillevla Biologisch;bio;2013-04-28 00:00:00.000;Sun;1;28;118;18;Apr;4;Q2;2013;19;427.50
1204;13;Heiden, van der;Helmond;RHMD;Gerda;Gerda;405;Magere Kwark;zuv;2013-05-04 00:00:00.000;Sat;7;4;124;18;May;5;Q2;2013;23;205.85
1205;20;Bakermans;Waalre;REHV;Klaas;Herman;402;Ganzenlever;lux;2013-05-05 00:00:00.000;Sun;1;5;125;19;May;5;Q2;2013;21;838.95
1206;19;Zuur;Veghel;GVGH;Karel;Bertha;407;Zwezerik;lux;2013-05-06 00:00:00.000;Mon;2;6;126;19;May;5;Q2;2013;9;116.55
1207;19;Zuur;Veghel;GVGH;Karel;Bertha;402;Ganzenlever;lux;2013-05-14 00:00:00.000;Tue;3;14;134;20;May;5;Q2;2013;22;878.90
1208;16;Velzenmaker;Eindhoven;REHV;Klaas;Klaas;409;Vruchtenyoghurt Mango;zuv;2013-05-15 00:00:00.000;Wed;4;15;135;20;May;5;Q2;2013;14;227.50
1209;19;Zuur;Veghel;GVGH;Karel;Harrie;406;Sojamelk Naturel Biologisch;bio;2013-05-19 00:00:00.000;Sun;1;19;139;21;May;5;Q2;2013;28;231.00
1210;19;Zuur;Veghel;GVGH;Karel;Karel;408;Soja Chocolademelk Biologisch;bio;2013-05-21 00:00:00.000;Tue;3;21;141;21;May;5;Q2;2013;9;152.55
1211;19;Zuur;Veghel;GVGH;Karel;Bertha;411;Sojamelk Gezoet Biologisch;bio;2013-05-23 00:00:00.000;Thu;5;23;143;21;May;5;Q2;2013;8;159.60
1212;14;Kraymans;Erp;GVGH;Karel;Klaas;406;Sojamelk Naturel Biologisch;bio;2013-05-30 00:00:00.000;Thu;5;30;150;22;May;5;Q2;2013;8;66.00
1213;12;Rademakers;Eindhoven;REHV;Klaas;Karel;404;Volle Yoghurt;zuv;2013-05-31 00:00:00.000;Fri;6;31;151;22;May;5;Q2;2013;19;218.50
1214;13;Heiden, van der;Helmond;RHMD;Gerda;Karel;410;Soja Vanillevla Biologisch;bio;2013-06-01 00:00:00.000;Sat;7;1;152;22;Jun;6;Q2;2013;21;472.50
1215;11;Jansen;Eindhoven;REHV;Klaas;Harrie;406;Sojamelk Naturel Biologisch;bio;2013-06-06 00:00:00.000;Thu;5;6;157;23;Jun;6;Q2;2013;10;82.50
1216;17;Jansen;Helmond;RHMD;Gerda;Gerda;407;Zwezerik;lux;2013-06-07 00:00:00.000;Fri;6;7;158;23;Jun;6;Q2;2013;7;90.65
1217;15;Boer, de;Veghel;GVGH;Karel;Herman;410;Soja Vanillevla Biologisch;bio;2013-06-12 00:00:00.000;Wed;4;12;163;24;Jun;6;Q2;2013;18;405.00
1219;19;Zuur;Veghel;GVGH;Karel;Harrie;407;Zwezerik;lux;2013-06-16 00:00:00.000;Sun;1;16;167;25;Jun;6;Q2;2013;24;310.80
1218;12;Rademakers;Eindhoven;REHV;Klaas;Karel;407;Zwezerik;lux;2013-06-16 00:00:00.000;Sun;1;16;167;25;Jun;6;Q2;2013;24;310.80
1220;16;Velzenmaker;Eindhoven;REHV;Klaas;Herman;407;Zwezerik;lux;2013-06-21 00:00:00.000;Fri;6;21;172;25;Jun;6;Q2;2013;21;271.95
1221;14;Kraymans;Erp;GVGH;Karel;Karel;411;Sojamelk Gezoet Biologisch;bio;2013-06-22 00:00:00.000;Sat;7;22;173;25;Jun;6;Q2;2013;10;199.50
1222;13;Heiden, van der;Helmond;RHMD;Gerda;Harrie;403;Vruchtenyoghurt Aardbei;zuv;2013-06-23 00:00:00.000;Sun;1;23;174;26;Jun;6;Q2;2013;5;81.25
1223;19;Zuur;Veghel;GVGH;Karel;Gerda;401;Kaviaar;lux;2013-06-25 00:00:00.000;Tue;3;25;176;26;Jun;6;Q2;2013;18;387.00
1224;13;Heiden, van der;Helmond;RHMD;Gerda;Harrie;401;Kaviaar;lux;2013-06-25 00:00:00.000;Tue;3;25;176;26;Jun;6;Q2;2013;24;516.00
1226;12;Rademakers;Eindhoven;REHV;Klaas;Harrie;407;Zwezerik;lux;2013-06-26 00:00:00.000;Wed;4;26;177;26;Jun;6;Q2;2013;12;155.40
1225;17;Jansen;Helmond;RHMD;Gerda;Herman;401;Kaviaar;lux;2013-06-26 00:00:00.000;Wed;4;26;177;26;Jun;6;Q2;2013;23;494.50
1227;13;Heiden, van der;Helmond;RHMD;Gerda;Klaas;409;Vruchtenyoghurt Mango;zuv;2013-06-29 00:00:00.000;Sat;7;29;180;26;Jun;6;Q2;2013;23;373.75
1228;13;Heiden, van der;Helmond;RHMD;Gerda;Herman;402;Ganzenlever;lux;2013-07-04 00:00:00.000;Thu;5;4;185;27;Jul;7;Q3;2013;9;359.55
1229;14;Kraymans;Erp;GVGH;Karel;Gerda;403;Vruchtenyoghurt Aardbei;zuv;2013-07-06 00:00:00.000;Sat;7;6;187;27;Jul;7;Q3;2013;12;195.00
1229;14;Kraymans;Erp;GVGH;Karel;Gerda;407;Zwezerik;lux;2013-07-06 00:00:00.000;Sat;7;6;187;27;Jul;7;Q3;2013;5;64.75
1230;12;Rademakers;Eindhoven;REHV;Klaas;Bertha;404;Volle Yoghurt;zuv;2013-07-07 00:00:00.000;Sun;1;7;188;28;Jul;7;Q3;2013;8;92.00
1231;19;Zuur;Veghel;GVGH;Karel;Klaas;406;Sojamelk Naturel Biologisch;bio;2013-07-09 00:00:00.000;Tue;3;9;190;28;Jul;7;Q3;2013;15;123.75
1232;12;Rademakers;Eindhoven;REHV;Klaas;Klaas;411;Sojamelk Gezoet Biologisch;bio;2013-07-11 00:00:00.000;Thu;5;11;192;28;Jul;7;Q3;2013;23;458.85
1233;17;Jansen;Helmond;RHMD;Gerda;Klaas;402;Ganzenlever;lux;2013-07-11 00:00:00.000;Thu;5;11;192;28;Jul;7;Q3;2013;19;759.05
1233;17;Jansen;Helmond;RHMD;Gerda;Klaas;404;Volle Yoghurt;zuv;2013-07-11 00:00:00.000;Thu;5;11;192;28;Jul;7;Q3;2013;12;138.00
1233;17;Jansen;Helmond;RHMD;Gerda;Klaas;405;Magere Kwark;zuv;2013-07-11 00:00:00.000;Thu;5;11;192;28;Jul;7;Q3;2013;16;143.20
1234;19;Zuur;Veghel;GVGH;Karel;Karel;405;Magere Kwark;zuv;2013-07-13 00:00:00.000;Sat;7;13;194;28;Jul;7;Q3;2013;10;89.50
1236;15;Boer, de;Veghel;GVGH;Karel;Bertha;404;Volle Yoghurt;zuv;2013-07-13 00:00:00.000;Sat;7;13;194;28;Jul;7;Q3;2013;8;92.00
1235;11;Jansen;Eindhoven;REHV;Klaas;Klaas;401;Kaviaar;lux;2013-07-13 00:00:00.000;Sat;7;13;194;28;Jul;7;Q3;2013;22;473.00
1237;11;Jansen;Eindhoven;REHV;Klaas;Gerda;401;Kaviaar;lux;2013-07-16 00:00:00.000;Tue;3;16;197;29;Jul;7;Q3;2013;23;494.50
1238;18;Bocht;Laarbeek;RHMD;Gerda;Karel;409;Vruchtenyoghurt Mango;zuv;2013-07-18 00:00:00.000;Thu;5;18;199;29;Jul;7;Q3;2013;7;113.75
1239;17;Jansen;Helmond;RHMD;Gerda;Herman;410;Soja Vanillevla Biologisch;bio;2013-07-20 00:00:00.000;Sat;7;20;201;29;Jul;7;Q3;2013;17;382.50
1240;16;Velzenmaker;Eindhoven;REHV;Klaas;Gerda;403;Vruchtenyoghurt Aardbei;zuv;2013-07-24 00:00:00.000;Wed;4;24;205;30;Jul;7;Q3;2013;2;32.50
1241;16;Velzenmaker;Eindhoven;REHV;Klaas;Herman;408;Soja Chocolademelk Biologisch;bio;2013-07-25 00:00:00.000;Thu;5;25;206;30;Jul;7;Q3;2013;2;35.00
1242;15;Boer, de;Veghel;GVGH;Karel;Harrie;409;Vruchtenyoghurt Mango;zuv;2013-07-30 00:00:00.000;Tue;3;30;211;31;Jul;7;Q3;2013;9;146.25
1243;20;Bakermans;Waalre;REHV;Klaas;Bertha;401;Kaviaar;lux;2013-08-03 00:00:00.000;Sat;7;3;215;31;Aug;8;Q3;2013;21;451.50
1244;20;Bakermans;Waalre;REHV;Klaas;Klaas;410;Soja Vanillevla Biologisch;bio;2013-08-05 00:00:00.000;Mon;2;5;217;32;Aug;8;Q3;2013;23;517.50
1245;18;Bocht;Laarbeek;RHMD;Gerda;Harrie;402;Ganzenlever;lux;2013-08-07 00:00:00.000;Wed;4;7;219;32;Aug;8;Q3;2013;23;918.85
1247;11;Jansen;Eindhoven;REHV;Klaas;Klaas;406;Sojamelk Naturel Biologisch;bio;2013-08-08 00:00:00.000;Thu;5;8;220;32;Aug;8;Q3;2013;8;66.00
1248;20;Bakermans;Waalre;REHV;Klaas;Gerda;402;Ganzenlever;lux;2013-08-08 00:00:00.000;Thu;5;8;220;32;Aug;8;Q3;2013;10;399.50
1246;13;Heiden, van der;Helmond;RHMD;Gerda;Gerda;411;Sojamelk Gezoet Biologisch;bio;2013-08-08 00:00:00.000;Thu;5;8;220;32;Aug;8;Q3;2013;22;438.90
1249;17;Jansen;Helmond;RHMD;Gerda;Gerda;408;Soja Chocolademelk Biologisch;bio;2013-08-11 00:00:00.000;Sun;1;11;223;33;Aug;8;Q3;2013;8;140.00
1250;15;Boer, de;Veghel;GVGH;Karel;Karel;403;Vruchtenyoghurt Aardbei;zuv;2013-08-14 00:00:00.000;Wed;4;14;226;33;Aug;8;Q3;2013;24;462.00
1251;19;Zuur;Veghel;GVGH;Karel;Karel;401;Kaviaar;lux;2013-08-16 00:00:00.000;Fri;6;16;228;33;Aug;8;Q3;2013;6;129.00
1251;19;Zuur;Veghel;GVGH;Karel;Karel;407;Zwezerik;lux;2013-08-16 00:00:00.000;Fri;6;16;228;33;Aug;8;Q3;2013;23;297.85
1252;15;Boer, de;Veghel;GVGH;Karel;Karel;402;Ganzenlever;lux;2013-08-25 00:00:00.000;Sun;1;25;237;35;Aug;8;Q3;2013;2;79.90
1252;15;Boer, de;Veghel;GVGH;Karel;Karel;404;Volle Yoghurt;zuv;2013-08-25 00:00:00.000;Sun;1;25;237;35;Aug;8;Q3;2013;15;172.50
1253;13;Heiden, van der;Helmond;RHMD;Gerda;Harrie;405;Magere Kwark;zuv;2013-08-27 00:00:00.000;Tue;3;27;239;35;Aug;8;Q3;2013;14;125.30
1254;17;Jansen;Helmond;RHMD;Gerda;Herman;403;Vruchtenyoghurt Aardbei;zuv;2013-08-30 00:00:00.000;Fri;6;30;242;35;Aug;8;Q3;2013;22;423.50
1255;19;Zuur;Veghel;GVGH;Karel;Karel;401;Kaviaar;lux;2013-08-31 00:00:00.000;Sat;7;31;243;35;Aug;8;Q3;2013;18;387.00
1256;19;Zuur;Veghel;GVGH;Karel;Herman;401;Kaviaar;lux;2013-09-03 00:00:00.000;Tue;3;3;246;36;Sep;9;Q3;2013;16;344.00
1257;12;Rademakers;Eindhoven;REHV;Klaas;Bertha;405;Magere Kwark;zuv;2013-09-05 00:00:00.000;Thu;5;5;248;36;Sep;9;Q3;2013;13;116.35
1258;18;Bocht;Laarbeek;RHMD;Gerda;Harrie;405;Magere Kwark;zuv;2013-09-08 00:00:00.000;Sun;1;8;251;37;Sep;9;Q3;2013;8;71.60
1259;14;Kraymans;Erp;GVGH;Karel;Herman;409;Vruchtenyoghurt Mango;zuv;2013-09-16 00:00:00.000;Mon;2;16;259;38;Sep;9;Q3;2013;15;243.75
1260;20;Bakermans;Waalre;REHV;Klaas;Klaas;411;Sojamelk Gezoet Biologisch;bio;2013-09-16 00:00:00.000;Mon;2;16;259;38;Sep;9;Q3;2013;24;478.80
1261;19;Zuur;Veghel;GVGH;Karel;Harrie;407;Zwezerik;lux;2013-09-18 00:00:00.000;Wed;4;18;261;38;Sep;9;Q3;2013;9;116.55
1262;14;Kraymans;Erp;GVGH;Karel;Karel;405;Magere Kwark;zuv;2013-09-19 00:00:00.000;Thu;5;19;262;38;Sep;9;Q3;2013;5;44.75
1263;12;Rademakers;Eindhoven;REHV;Klaas;Bertha;403;Vruchtenyoghurt Aardbei;zuv;2013-09-19 00:00:00.000;Thu;5;19;262;38;Sep;9;Q3;2013;14;269.50
1264;11;Jansen;Eindhoven;REHV;Klaas;Herman;411;Sojamelk Gezoet Biologisch;bio;2013-09-20 00:00:00.000;Fri;6;20;263;38;Sep;9;Q3;2013;20;399.00
1265;12;Rademakers;Eindhoven;REHV;Klaas;Gerda;411;Sojamelk Gezoet Biologisch;bio;2013-09-20 00:00:00.000;Fri;6;20;263;38;Sep;9;Q3;2013;13;259.35
1267;11;Jansen;Eindhoven;REHV;Klaas;Klaas;411;Sojamelk Gezoet Biologisch;bio;2013-09-21 00:00:00.000;Sat;7;21;264;38;Sep;9;Q3;2013;9;179.55
1266;13;Heiden, van der;Helmond;RHMD;Gerda;Herman;410;Soja Vanillevla Biologisch;bio;2013-09-21 00:00:00.000;Sat;7;21;264;38;Sep;9;Q3;2013;20;450.00
1268;20;Bakermans;Waalre;REHV;Klaas;Bertha;405;Magere Kwark;zuv;2013-09-22 00:00:00.000;Sun;1;22;265;39;Sep;9;Q3;2013;9;80.55
1269;18;Bocht;Laarbeek;RHMD;Gerda;Gerda;401;Kaviaar;lux;2013-09-24 00:00:00.000;Tue;3;24;267;39;Sep;9;Q3;2013;21;451.50
1269;18;Bocht;Laarbeek;RHMD;Gerda;Gerda;411;Sojamelk Gezoet Biologisch;bio;2013-09-24 00:00:00.000;Tue;3;24;267;39;Sep;9;Q3;2013;14;279.30
1270;20;Bakermans;Waalre;REHV;Klaas;Herman;405;Magere Kwark;zuv;2013-09-29 00:00:00.000;Sun;1;29;272;40;Sep;9;Q3;2013;9;80.55
1270;20;Bakermans;Waalre;REHV;Klaas;Herman;406;Sojamelk Naturel Biologisch;bio;2013-09-29 00:00:00.000;Sun;1;29;272;40;Sep;9;Q3;2013;20;165.00
1270;20;Bakermans;Waalre;REHV;Klaas;Herman;409;Vruchtenyoghurt Mango;zuv;2013-09-29 00:00:00.000;Sun;1;29;272;40;Sep;9;Q3;2013;15;243.75
1270;20;Bakermans;Waalre;REHV;Klaas;Herman;410;Soja Vanillevla Biologisch;bio;2013-09-29 00:00:00.000;Sun;1;29;272;40;Sep;9;Q3;2013;17;382.50
1271;16;Velzenmaker;Eindhoven;REHV;Klaas;Harrie;410;Soja Vanillevla Biologisch;bio;2013-09-29 00:00:00.000;Sun;1;29;272;40;Sep;9;Q3;2013;5;112.50
1272;18;Bocht;Laarbeek;RHMD;Gerda;Bertha;410;Soja Vanillevla Biologisch;bio;2013-10-03 00:00:00.000;Thu;5;3;276;40;Oct;10;Q4;2013;21;472.50
1273;13;Heiden, van der;Helmond;RHMD;Gerda;Klaas;410;Soja Vanillevla Biologisch;bio;2013-10-03 00:00:00.000;Thu;5;3;276;40;Oct;10;Q4;2013;22;495.00
1275;19;Zuur;Veghel;GVGH;Karel;Klaas;410;Soja Vanillevla Biologisch;bio;2013-10-07 00:00:00.000;Mon;2;7;280;41;Oct;10;Q4;2013;17;382.50
1274;17;Jansen;Helmond;RHMD;Gerda;Gerda;401;Kaviaar;lux;2013-10-07 00:00:00.000;Mon;2;7;280;41;Oct;10;Q4;2013;7;150.50
1274;17;Jansen;Helmond;RHMD;Gerda;Gerda;402;Ganzenlever;lux;2013-10-07 00:00:00.000;Mon;2;7;280;41;Oct;10;Q4;2013;16;639.20
1274;17;Jansen;Helmond;RHMD;Gerda;Gerda;404;Volle Yoghurt;zuv;2013-10-07 00:00:00.000;Mon;2;7;280;41;Oct;10;Q4;2013;19;218.50
1274;17;Jansen;Helmond;RHMD;Gerda;Gerda;407;Zwezerik;lux;2013-10-07 00:00:00.000;Mon;2;7;280;41;Oct;10;Q4;2013;19;246.05
1274;17;Jansen;Helmond;RHMD;Gerda;Gerda;409;Vruchtenyoghurt Mango;zuv;2013-10-07 00:00:00.000;Mon;2;7;280;41;Oct;10;Q4;2013;3;48.75
1274;17;Jansen;Helmond;RHMD;Gerda;Gerda;411;Sojamelk Gezoet Biologisch;bio;2013-10-07 00:00:00.000;Mon;2;7;280;41;Oct;10;Q4;2013;16;319.20
1276;11;Jansen;Eindhoven;REHV;Klaas;Klaas;411;Sojamelk Gezoet Biologisch;bio;2013-10-08 00:00:00.000;Tue;3;8;281;41;Oct;10;Q4;2013;16;319.20
1277;11;Jansen;Eindhoven;REHV;Klaas;Klaas;407;Zwezerik;lux;2013-10-12 00:00:00.000;Sat;7;12;285;41;Oct;10;Q4;2013;17;220.15
1278;16;Velzenmaker;Eindhoven;REHV;Klaas;Herman;408;Soja Chocolademelk Biologisch;bio;2013-10-13 00:00:00.000;Sun;1;13;286;42;Oct;10;Q4;2013;23;402.50
1279;17;Jansen;Helmond;RHMD;Gerda;Gerda;405;Magere Kwark;zuv;2013-10-18 00:00:00.000;Fri;6;18;291;42;Oct;10;Q4;2013;24;214.80
1280;12;Rademakers;Eindhoven;REHV;Klaas;Bertha;404;Volle Yoghurt;zuv;2013-10-21 00:00:00.000;Mon;2;21;294;43;Oct;10;Q4;2013;12;138.00
1281;15;Boer, de;Veghel;GVGH;Karel;Klaas;403;Vruchtenyoghurt Aardbei;zuv;2013-10-22 00:00:00.000;Tue;3;22;295;43;Oct;10;Q4;2013;12;231.00
1282;13;Heiden, van der;Helmond;RHMD;Gerda;Herman;403;Vruchtenyoghurt Aardbei;zuv;2013-10-26 00:00:00.000;Sat;7;26;299;43;Oct;10;Q4;2013;7;134.75
1283;13;Heiden, van der;Helmond;RHMD;Gerda;Harrie;402;Ganzenlever;lux;2013-10-31 00:00:00.000;Thu;5;31;304;44;Oct;10;Q4;2013;9;359.55
1284;12;Rademakers;Eindhoven;REHV;Klaas;Harrie;411;Sojamelk Gezoet Biologisch;bio;2013-11-01 00:00:00.000;Fri;6;1;305;44;Nov;11;Q4;2013;23;458.85
1285;11;Jansen;Eindhoven;REHV;Klaas;Harrie;401;Kaviaar;lux;2013-11-01 00:00:00.000;Fri;6;1;305;44;Nov;11;Q4;2013;18;387.00
1286;18;Bocht;Laarbeek;RHMD;Gerda;Karel;402;Ganzenlever;lux;2013-11-05 00:00:00.000;Tue;3;5;309;45;Nov;11;Q4;2013;10;370.00
1288;19;Zuur;Veghel;GVGH;Karel;Gerda;402;Ganzenlever;lux;2013-11-06 00:00:00.000;Wed;4;6;310;45;Nov;11;Q4;2013;7;259.00
1288;19;Zuur;Veghel;GVGH;Karel;Gerda;403;Vruchtenyoghurt Aardbei;zuv;2013-11-06 00:00:00.000;Wed;4;6;310;45;Nov;11;Q4;2013;11;211.75
1287;16;Velzenmaker;Eindhoven;REHV;Klaas;Karel;406;Sojamelk Naturel Biologisch;bio;2013-11-06 00:00:00.000;Wed;4;6;310;45;Nov;11;Q4;2013;14;115.50
1289;12;Rademakers;Eindhoven;REHV;Klaas;Herman;407;Zwezerik;lux;2013-11-12 00:00:00.000;Tue;3;12;316;46;Nov;11;Q4;2013;23;297.85
1290;14;Kraymans;Erp;GVGH;Karel;Karel;403;Vruchtenyoghurt Aardbei;zuv;2013-11-15 00:00:00.000;Fri;6;15;319;46;Nov;11;Q4;2013;9;173.25
1291;19;Zuur;Veghel;GVGH;Karel;Gerda;411;Sojamelk Gezoet Biologisch;bio;2013-11-16 00:00:00.000;Sat;7;16;320;46;Nov;11;Q4;2013;20;399.00
1292;20;Bakermans;Waalre;REHV;Klaas;Harrie;403;Vruchtenyoghurt Aardbei;zuv;2013-11-17 00:00:00.000;Sun;1;17;321;47;Nov;11;Q4;2013;10;192.50
1294;14;Kraymans;Erp;GVGH;Karel;Gerda;411;Sojamelk Gezoet Biologisch;bio;2013-11-19 00:00:00.000;Tue;3;19;323;47;Nov;11;Q4;2013;21;418.95
1295;19;Zuur;Veghel;GVGH;Karel;Harrie;409;Vruchtenyoghurt Mango;zuv;2013-11-19 00:00:00.000;Tue;3;19;323;47;Nov;11;Q4;2013;8;130.00
1293;16;Velzenmaker;Eindhoven;REHV;Klaas;Klaas;403;Vruchtenyoghurt Aardbei;zuv;2013-11-19 00:00:00.000;Tue;3;19;323;47;Nov;11;Q4;2013;9;173.25
1296;17;Jansen;Helmond;RHMD;Gerda;Karel;407;Zwezerik;lux;2013-11-20 00:00:00.000;Wed;4;20;324;47;Nov;11;Q4;2013;6;77.70
1297;14;Kraymans;Erp;GVGH;Karel;Karel;405;Magere Kwark;zuv;2013-11-26 00:00:00.000;Tue;3;26;330;48;Nov;11;Q4;2013;19;170.05
1298;17;Jansen;Helmond;RHMD;Gerda;Gerda;411;Sojamelk Gezoet Biologisch;bio;2013-11-29 00:00:00.000;Fri;6;29;333;48;Nov;11;Q4;2013;12;239.40
1299;12;Rademakers;Eindhoven;REHV;Klaas;Bertha;411;Sojamelk Gezoet Biologisch;bio;2013-11-30 00:00:00.000;Sat;7;30;334;48;Nov;11;Q4;2013;28;558.60
1300;18;Bocht;Laarbeek;RHMD;Gerda;Klaas;407;Zwezerik;lux;2013-12-04 00:00:00.000;Wed;4;4;338;49;Dec;12;Q4;2013;6;77.70
1302;15;Boer, de;Veghel;GVGH;Karel;Karel;401;Kaviaar;lux;2013-12-07 00:00:00.000;Sat;7;7;341;49;Dec;12;Q4;2013;16;344.00
1301;13;Heiden, van der;Helmond;RHMD;Gerda;Karel;401;Kaviaar;lux;2013-12-07 00:00:00.000;Sat;7;7;341;49;Dec;12;Q4;2013;18;387.00
1303;19;Zuur;Veghel;GVGH;Karel;Harrie;402;Ganzenlever;lux;2013-12-11 00:00:00.000;Wed;4;11;345;50;Dec;12;Q4;2013;13;481.00
1304;12;Rademakers;Eindhoven;REHV;Klaas;Klaas;410;Soja Vanillevla Biologisch;bio;2013-12-12 00:00:00.000;Thu;5;12;346;50;Dec;12;Q4;2013;16;360.00
1305;18;Bocht;Laarbeek;RHMD;Gerda;Bertha;411;Sojamelk Gezoet Biologisch;bio;2013-12-13 00:00:00.000;Fri;6;13;347;50;Dec;12;Q4;2013;5;99.75
1307;15;Boer, de;Veghel;GVGH;Karel;Herman;409;Vruchtenyoghurt Mango;zuv;2013-12-18 00:00:00.000;Wed;4;18;352;51;Dec;12;Q4;2013;9;146.25
1308;12;Rademakers;Eindhoven;REHV;Klaas;Gerda;405;Magere Kwark;zuv;2013-12-18 00:00:00.000;Wed;4;18;352;51;Dec;12;Q4;2013;22;196.90
1306;13;Heiden, van der;Helmond;RHMD;Gerda;Gerda;405;Magere Kwark;zuv;2013-12-18 00:00:00.000;Wed;4;18;352;51;Dec;12;Q4;2013;12;107.40
1309;15;Boer, de;Veghel;GVGH;Karel;Karel;403;Vruchtenyoghurt Aardbei;zuv;2013-12-24 00:00:00.000;Tue;3;24;358;52;Dec;12;Q4;2013;15;288.75
1309;15;Boer, de;Veghel;GVGH;Karel;Karel;406;Sojamelk Naturel Biologisch;bio;2013-12-24 00:00:00.000;Tue;3;24;358;52;Dec;12;Q4;2013;10;82.50
1310;12;Rademakers;Eindhoven;REHV;Klaas;Klaas;404;Volle Yoghurt;zuv;2013-12-26 00:00:00.000;Thu;5;26;360;52;Dec;12;Q4;2013;8;92.00
1310;12;Rademakers;Eindhoven;REHV;Klaas;Klaas;408;Soja Chocolademelk Biologisch;bio;2013-12-26 00:00:00.000;Thu;5;26;360;52;Dec;12;Q4;2013;6;105.00
1310;12;Rademakers;Eindhoven;REHV;Klaas;Klaas;409;Vruchtenyoghurt Mango;zuv;2013-12-26 00:00:00.000;Thu;5;26;360;52;Dec;12;Q4;2013;6;97.50
1311;15;Boer, de;Veghel;GVGH;Karel;Gerda;405;Magere Kwark;zuv;2013-12-28 00:00:00.000;Sat;7;28;362;52;Dec;12;Q4;2013;21;187.95
1312;18;Bocht;Laarbeek;RHMD;Gerda;Bertha;401;Kaviaar;lux;2014-01-01 00:00:00.000;Wed;4;1;1;1;Jan;1;Q1;2014;15;322.50
1313;18;Bocht;Laarbeek;RHMD;Gerda;Bertha;411;Sojamelk Gezoet Biologisch;bio;2014-01-03 00:00:00.000;Fri;6;3;3;1;Jan;1;Q1;2014;24;478.80
1314;16;Velzenmaker;Eindhoven;REHV;Klaas;Klaas;404;Volle Yoghurt;zuv;2014-01-11 00:00:00.000;Sat;7;11;11;2;Jan;1;Q1;2014;13;149.50
1315;11;Jansen;Eindhoven;REHV;Klaas;Gerda;409;Vruchtenyoghurt Mango;zuv;2014-01-12 00:00:00.000;Sun;1;12;12;3;Jan;1;Q1;2014;12;195.00
1316;11;Jansen;Eindhoven;REHV;Klaas;Klaas;410;Soja Vanillevla Biologisch;bio;2014-01-12 00:00:00.000;Sun;1;12;12;3;Jan;1;Q1;2014;20;450.00
1317;13;Heiden, van der;Helmond;RHMD;Gerda;Harrie;405;Magere Kwark;zuv;2014-01-17 00:00:00.000;Fri;6;17;17;3;Jan;1;Q1;2014;18;161.10
1318;19;Zuur;Veghel;GVGH;Karel;Klaas;408;Soja Chocolademelk Biologisch;bio;2014-01-25 00:00:00.000;Sat;7;25;25;4;Jan;1;Q1;2014;13;227.50
1319;15;Boer, de;Veghel;GVGH;Karel;Karel;401;Kaviaar;lux;2014-02-02 00:00:00.000;Sun;1;2;33;6;Feb;2;Q1;2014;8;172.00
1320;12;Rademakers;Eindhoven;REHV;Klaas;Klaas;406;Sojamelk Naturel Biologisch;bio;2014-02-03 00:00:00.000;Mon;2;3;34;6;Feb;2;Q1;2014;3;24.75
1321;18;Bocht;Laarbeek;RHMD;Gerda;Klaas;406;Sojamelk Naturel Biologisch;bio;2014-02-05 00:00:00.000;Wed;4;5;36;6;Feb;2;Q1;2014;20;165.00
1322;18;Bocht;Laarbeek;RHMD;Gerda;Klaas;405;Magere Kwark;zuv;2014-02-05 00:00:00.000;Wed;4;5;36;6;Feb;2;Q1;2014;24;214.80
1323;18;Bocht;Laarbeek;RHMD;Gerda;Karel;407;Zwezerik;lux;2014-02-06 00:00:00.000;Thu;5;6;37;6;Feb;2;Q1;2014;7;90.65
1325;14;Kraymans;Erp;GVGH;Karel;Karel;407;Zwezerik;lux;2014-02-11 00:00:00.000;Tue;3;11;42;7;Feb;2;Q1;2014;18;233.10
1324;20;Bakermans;Waalre;REHV;Klaas;Klaas;404;Volle Yoghurt;zuv;2014-02-11 00:00:00.000;Tue;3;11;42;7;Feb;2;Q1;2014;14;161.00
1326;14;Kraymans;Erp;GVGH;Karel;Gerda;405;Magere Kwark;zuv;2014-02-19 00:00:00.000;Wed;4;19;50;8;Feb;2;Q1;2014;21;187.95
1327;11;Jansen;Eindhoven;REHV;Klaas;Bertha;407;Zwezerik;lux;2014-02-23 00:00:00.000;Sun;1;23;54;9;Feb;2;Q1;2014;7;90.65
1328;20;Bakermans;Waalre;REHV;Klaas;Gerda;404;Volle Yoghurt;zuv;2014-02-27 00:00:00.000;Thu;5;27;58;9;Feb;2;Q1;2014;17;195.50
1329;15;Boer, de;Veghel;GVGH;Karel;Karel;408;Soja Chocolademelk Biologisch;bio;2014-02-28 00:00:00.000;Fri;6;28;59;9;Feb;2;Q1;2014;5;87.50
1330;17;Jansen;Helmond;RHMD;Gerda;Herman;407;Zwezerik;lux;2014-03-08 00:00:00.000;Sat;7;8;67;10;Mar;3;Q1;2014;18;233.10
1331;17;Jansen;Helmond;RHMD;Gerda;Gerda;401;Kaviaar;lux;2014-03-13 00:00:00.000;Thu;5;13;72;11;Mar;3;Q1;2014;6;129.00
1332;11;Jansen;Eindhoven;REHV;Klaas;Herman;405;Magere Kwark;zuv;2014-03-15 00:00:00.000;Sat;7;15;74;11;Mar;3;Q1;2014;20;179.00
1334;11;Jansen;Eindhoven;REHV;Klaas;Gerda;411;Sojamelk Gezoet Biologisch;bio;2014-03-15 00:00:00.000;Sat;7;15;74;11;Mar;3;Q1;2014;16;319.20
1333;13;Heiden, van der;Helmond;RHMD;Gerda;Harrie;405;Magere Kwark;zuv;2014-03-15 00:00:00.000;Sat;7;15;74;11;Mar;3;Q1;2014;20;179.00
1335;17;Jansen;Helmond;RHMD;Gerda;Harrie;403;Vruchtenyoghurt Aardbei;zuv;2014-03-16 00:00:00.000;Sun;1;16;75;12;Mar;3;Q1;2014;3;45.75
1335;17;Jansen;Helmond;RHMD;Gerda;Harrie;406;Sojamelk Naturel Biologisch;bio;2014-03-16 00:00:00.000;Sun;1;16;75;12;Mar;3;Q1;2014;6;49.50
1335;17;Jansen;Helmond;RHMD;Gerda;Harrie;407;Zwezerik;lux;2014-03-16 00:00:00.000;Sun;1;16;75;12;Mar;3;Q1;2014;23;297.85
1335;17;Jansen;Helmond;RHMD;Gerda;Harrie;408;Soja Chocolademelk Biologisch;bio;2014-03-16 00:00:00.000;Sun;1;16;75;12;Mar;3;Q1;2014;13;227.50
1336;16;Velzenmaker;Eindhoven;REHV;Klaas;Harrie;408;Soja Chocolademelk Biologisch;bio;2014-03-23 00:00:00.000;Sun;1;23;82;13;Mar;3;Q1;2014;9;157.50
1337;18;Bocht;Laarbeek;RHMD;Gerda;Karel;410;Soja Vanillevla Biologisch;bio;2014-03-25 00:00:00.000;Tue;3;25;84;13;Mar;3;Q1;2014;17;382.50
1338;12;Rademakers;Eindhoven;REHV;Klaas;Harrie;408;Soja Chocolademelk Biologisch;bio;2014-04-02 00:00:00.000;Wed;4;2;92;14;Apr;4;Q2;2014;20;350.00
1340;15;Boer, de;Veghel;GVGH;Karel;Gerda;410;Soja Vanillevla Biologisch;bio;2014-04-05 00:00:00.000;Sat;7;5;95;14;Apr;4;Q2;2014;9;202.50
1339;18;Bocht;Laarbeek;RHMD;Gerda;Gerda;402;Ganzenlever;lux;2014-04-05 00:00:00.000;Sat;7;5;95;14;Apr;4;Q2;2014;10;370.00
1341;13;Heiden, van der;Helmond;RHMD;Gerda;Gerda;408;Soja Chocolademelk Biologisch;bio;2014-04-11 00:00:00.000;Fri;6;11;101;15;Apr;4;Q2;2014;12;210.00
1341;13;Heiden, van der;Helmond;RHMD;Gerda;Gerda;409;Vruchtenyoghurt Mango;zuv;2014-04-11 00:00:00.000;Fri;6;11;101;15;Apr;4;Q2;2014;8;130.00
1342;18;Bocht;Laarbeek;RHMD;Gerda;Klaas;408;Soja Chocolademelk Biologisch;bio;2014-04-13 00:00:00.000;Sun;1;13;103;16;Apr;4;Q2;2014;20;350.00
1344;19;Zuur;Veghel;GVGH;Karel;Harrie;401;Kaviaar;lux;2014-04-17 00:00:00.000;Thu;5;17;107;16;Apr;4;Q2;2014;11;236.50
1343;18;Bocht;Laarbeek;RHMD;Gerda;Bertha;408;Soja Chocolademelk Biologisch;bio;2014-04-17 00:00:00.000;Thu;5;17;107;16;Apr;4;Q2;2014;16;280.00
1345;19;Zuur;Veghel;GVGH;Karel;Harrie;407;Zwezerik;lux;2014-04-21 00:00:00.000;Mon;2;21;111;17;Apr;4;Q2;2014;15;194.25
1346;14;Kraymans;Erp;GVGH;Karel;Harrie;401;Kaviaar;lux;2014-04-26 00:00:00.000;Sat;7;26;116;17;Apr;4;Q2;2014;9;193.50
1347;16;Velzenmaker;Eindhoven;REHV;Klaas;Herman;406;Sojamelk Naturel Biologisch;bio;2014-04-26 00:00:00.000;Sat;7;26;116;17;Apr;4;Q2;2014;11;90.75
1348;16;Velzenmaker;Eindhoven;REHV;Klaas;Harrie;407;Zwezerik;lux;2014-05-01 00:00:00.000;Thu;5;1;121;18;May;5;Q2;2014;20;259.00
1349;12;Rademakers;Eindhoven;REHV;Klaas;Herman;409;Vruchtenyoghurt Mango;zuv;2014-05-08 00:00:00.000;Thu;5;8;128;19;May;5;Q2;2014;17;276.25
1349;12;Rademakers;Eindhoven;REHV;Klaas;Herman;411;Sojamelk Gezoet Biologisch;bio;2014-05-08 00:00:00.000;Thu;5;8;128;19;May;5;Q2;2014;20;439.00
1350;16;Velzenmaker;Eindhoven;REHV;Klaas;Karel;403;Vruchtenyoghurt Aardbei;zuv;2014-05-09 00:00:00.000;Fri;6;9;129;19;May;5;Q2;2014;15;228.75
1351;14;Kraymans;Erp;GVGH;Karel;Harrie;409;Vruchtenyoghurt Mango;zuv;2014-05-18 00:00:00.000;Sun;1;18;138;21;May;5;Q2;2014;24;390.00
1352;12;Rademakers;Eindhoven;REHV;Klaas;Harrie;406;Sojamelk Naturel Biologisch;bio;2014-05-23 00:00:00.000;Fri;6;23;143;21;May;5;Q2;2014;8;66.00
1353;16;Velzenmaker;Eindhoven;REHV;Klaas;Klaas;404;Volle Yoghurt;zuv;2014-05-28 00:00:00.000;Wed;4;28;148;22;May;5;Q2;2014;12;150.00
1355;15;Boer, de;Veghel;GVGH;Karel;Bertha;411;Sojamelk Gezoet Biologisch;bio;2014-05-30 00:00:00.000;Fri;6;30;150;22;May;5;Q2;2014;17;373.15
1354;20;Bakermans;Waalre;REHV;Klaas;Bertha;401;Kaviaar;lux;2014-05-30 00:00:00.000;Fri;6;30;150;22;May;5;Q2;2014;15;322.50
1356;18;Bocht;Laarbeek;RHMD;Gerda;Herman;411;Sojamelk Gezoet Biologisch;bio;2014-06-01 00:00:00.000;Sun;1;1;152;23;Jun;6;Q2;2014;17;373.15
1358;19;Zuur;Veghel;GVGH;Karel;Klaas;409;Vruchtenyoghurt Mango;zuv;2014-06-07 00:00:00.000;Sat;7;7;158;23;Jun;6;Q2;2014;21;341.25
1357;18;Bocht;Laarbeek;RHMD;Gerda;Klaas;411;Sojamelk Gezoet Biologisch;bio;2014-06-07 00:00:00.000;Sat;7;7;158;23;Jun;6;Q2;2014;6;131.70
1359;19;Zuur;Veghel;GVGH;Karel;Herman;401;Kaviaar;lux;2014-06-08 00:00:00.000;Sun;1;8;159;24;Jun;6;Q2;2014;6;129.00
1359;19;Zuur;Veghel;GVGH;Karel;Herman;406;Sojamelk Naturel Biologisch;bio;2014-06-08 00:00:00.000;Sun;1;8;159;24;Jun;6;Q2;2014;10;82.50
1359;19;Zuur;Veghel;GVGH;Karel;Herman;409;Vruchtenyoghurt Mango;zuv;2014-06-08 00:00:00.000;Sun;1;8;159;24;Jun;6;Q2;2014;17;276.25
1359;19;Zuur;Veghel;GVGH;Karel;Herman;410;Soja Vanillevla Biologisch;bio;2014-06-08 00:00:00.000;Sun;1;8;159;24;Jun;6;Q2;2014;17;382.50
1360;13;Heiden, van der;Helmond;RHMD;Gerda;Harrie;410;Soja Vanillevla Biologisch;bio;2014-06-12 00:00:00.000;Thu;5;12;163;24;Jun;6;Q2;2014;18;405.00
1361;19;Zuur;Veghel;GVGH;Karel;Klaas;410;Soja Vanillevla Biologisch;bio;2014-06-21 00:00:00.000;Sat;7;21;172;25;Jun;6;Q2;2014;10;225.00
1362;15;Boer, de;Veghel;GVGH;Karel;Gerda;405;Magere Kwark;zuv;2014-06-29 00:00:00.000;Sun;1;29;180;27;Jun;6;Q2;2014;5;44.75
1363;17;Jansen;Helmond;RHMD;Gerda;Bertha;406;Sojamelk Naturel Biologisch;bio;2014-07-01 00:00:00.000;Tue;3;1;182;27;Jul;7;Q3;2014;14;115.50
1364;13;Heiden, van der;Helmond;RHMD;Gerda;Gerda;411;Sojamelk Gezoet Biologisch;bio;2014-07-02 00:00:00.000;Wed;4;2;183;27;Jul;7;Q3;2014;21;460.95
1365;17;Jansen;Helmond;RHMD;Gerda;Harrie;407;Zwezerik;lux;2014-07-07 00:00:00.000;Mon;2;7;188;28;Jul;7;Q3;2014;10;129.50
1366;19;Zuur;Veghel;GVGH;Karel;Harrie;411;Sojamelk Gezoet Biologisch;bio;2014-07-10 00:00:00.000;Thu;5;10;191;28;Jul;7;Q3;2014;8;175.60
1367;18;Bocht;Laarbeek;RHMD;Gerda;Herman;401;Kaviaar;lux;2014-07-10 00:00:00.000;Thu;5;10;191;28;Jul;7;Q3;2014;8;172.00
1368;14;Kraymans;Erp;GVGH;Karel;Klaas;405;Magere Kwark;zuv;2014-07-11 00:00:00.000;Fri;6;11;192;28;Jul;7;Q3;2014;2;17.90
1368;14;Kraymans;Erp;GVGH;Karel;Klaas;407;Zwezerik;lux;2014-07-11 00:00:00.000;Fri;6;11;192;28;Jul;7;Q3;2014;6;77.70
1368;14;Kraymans;Erp;GVGH;Karel;Klaas;410;Soja Vanillevla Biologisch;bio;2014-07-11 00:00:00.000;Fri;6;11;192;28;Jul;7;Q3;2014;9;202.50
1368;14;Kraymans;Erp;GVGH;Karel;Klaas;411;Sojamelk Gezoet Biologisch;bio;2014-07-11 00:00:00.000;Fri;6;11;192;28;Jul;7;Q3;2014;8;175.60
1369;14;Kraymans;Erp;GVGH;Karel;Bertha;402;Ganzenlever;lux;2014-07-12 00:00:00.000;Sat;7;12;193;28;Jul;7;Q3;2014;24;888.00
1370;13;Heiden, van der;Helmond;RHMD;Gerda;Bertha;402;Ganzenlever;lux;2014-07-13 00:00:00.000;Sun;1;13;194;29;Jul;7;Q3;2014;14;518.00
1371;11;Jansen;Eindhoven;REHV;Klaas;Herman;403;Vruchtenyoghurt Aardbei;zuv;2014-07-14 00:00:00.000;Mon;2;14;195;29;Jul;7;Q3;2014;22;335.50
1372;17;Jansen;Helmond;RHMD;Gerda;Harrie;410;Soja Vanillevla Biologisch;bio;2014-07-17 00:00:00.000;Thu;5;17;198;29;Jul;7;Q3;2014;22;495.00
1373;15;Boer, de;Veghel;GVGH;Karel;Herman;404;Volle Yoghurt;zuv;2014-07-19 00:00:00.000;Sat;7;19;200;29;Jul;7;Q3;2014;11;137.50
1373;15;Boer, de;Veghel;GVGH;Karel;Herman;408;Soja Chocolademelk Biologisch;bio;2014-07-19 00:00:00.000;Sat;7;19;200;29;Jul;7;Q3;2014;19;332.50
1374;13;Heiden, van der;Helmond;RHMD;Gerda;Klaas;410;Soja Vanillevla Biologisch;bio;2014-07-22 00:00:00.000;Tue;3;22;203;30;Jul;7;Q3;2014;14;315.00
1375;13;Heiden, van der;Helmond;RHMD;Gerda;Klaas;405;Magere Kwark;zuv;2014-07-24 00:00:00.000;Thu;5;24;205;30;Jul;7;Q3;2014;6;53.70
1376;12;Rademakers;Eindhoven;REHV;Klaas;Gerda;404;Volle Yoghurt;zuv;2014-07-25 00:00:00.000;Fri;6;25;206;30;Jul;7;Q3;2014;12;150.00
1377;16;Velzenmaker;Eindhoven;REHV;Klaas;Harrie;407;Zwezerik;lux;2014-07-25 00:00:00.000;Fri;6;25;206;30;Jul;7;Q3;2014;5;64.75
1377;16;Velzenmaker;Eindhoven;REHV;Klaas;Harrie;408;Soja Chocolademelk Biologisch;bio;2014-07-25 00:00:00.000;Fri;6;25;206;30;Jul;7;Q3;2014;15;262.50
1378;11;Jansen;Eindhoven;REHV;Klaas;Klaas;410;Soja Vanillevla Biologisch;bio;2014-07-26 00:00:00.000;Sat;7;26;207;30;Jul;7;Q3;2014;10;225.00
1380;14;Kraymans;Erp;GVGH;Karel;Gerda;406;Sojamelk Naturel Biologisch;bio;2014-07-28 00:00:00.000;Mon;2;28;209;31;Jul;7;Q3;2014;17;140.25
1379;12;Rademakers;Eindhoven;REHV;Klaas;Karel;404;Volle Yoghurt;zuv;2014-07-28 00:00:00.000;Mon;2;28;209;31;Jul;7;Q3;2014;14;175.00
1382;14;Kraymans;Erp;GVGH;Karel;Bertha;407;Zwezerik;lux;2014-07-31 00:00:00.000;Thu;5;31;212;31;Jul;7;Q3;2014;9;116.55
1381;17;Jansen;Helmond;RHMD;Gerda;Karel;411;Sojamelk Gezoet Biologisch;bio;2014-07-31 00:00:00.000;Thu;5;31;212;31;Jul;7;Q3;2014;5;109.75
1383;16;Velzenmaker;Eindhoven;REHV;Klaas;Herman;402;Ganzenlever;lux;2014-08-02 00:00:00.000;Sat;7;2;214;31;Aug;8;Q3;2014;23;851.00
1384;11;Jansen;Eindhoven;REHV;Klaas;Gerda;404;Volle Yoghurt;zuv;2014-08-02 00:00:00.000;Sat;7;2;214;31;Aug;8;Q3;2014;15;187.50
1385;15;Boer, de;Veghel;GVGH;Karel;Klaas;401;Kaviaar;lux;2014-08-06 00:00:00.000;Wed;4;6;218;32;Aug;8;Q3;2014;5;107.50
1386;16;Velzenmaker;Eindhoven;REHV;Klaas;Gerda;411;Sojamelk Gezoet Biologisch;bio;2014-08-08 00:00:00.000;Fri;6;8;220;32;Aug;8;Q3;2014;19;417.05
1387;12;Rademakers;Eindhoven;REHV;Klaas;Klaas;404;Volle Yoghurt;zuv;2014-08-08 00:00:00.000;Fri;6;8;220;32;Aug;8;Q3;2014;12;150.00
1389;15;Boer, de;Veghel;GVGH;Karel;Bertha;406;Sojamelk Naturel Biologisch;bio;2014-08-10 00:00:00.000;Sun;1;10;222;33;Aug;8;Q3;2014;5;41.25
1389;15;Boer, de;Veghel;GVGH;Karel;Bertha;407;Zwezerik;lux;2014-08-10 00:00:00.000;Sun;1;10;222;33;Aug;8;Q3;2014;15;194.25
1389;15;Boer, de;Veghel;GVGH;Karel;Bertha;408;Soja Chocolademelk Biologisch;bio;2014-08-10 00:00:00.000;Sun;1;10;222;33;Aug;8;Q3;2014;9;157.50
1388;11;Jansen;Eindhoven;REHV;Klaas;Klaas;405;Magere Kwark;zuv;2014-08-10 00:00:00.000;Sun;1;10;222;33;Aug;8;Q3;2014;17;152.15
1390;18;Bocht;Laarbeek;RHMD;Gerda;Klaas;407;Zwezerik;lux;2014-08-15 00:00:00.000;Fri;6;15;227;33;Aug;8;Q3;2014;16;207.20
1391;19;Zuur;Veghel;GVGH;Karel;Klaas;407;Zwezerik;lux;2014-08-17 00:00:00.000;Sun;1;17;229;34;Aug;8;Q3;2014;19;246.05
1392;20;Bakermans;Waalre;REHV;Klaas;Gerda;409;Vruchtenyoghurt Mango;zuv;2014-08-17 00:00:00.000;Sun;1;17;229;34;Aug;8;Q3;2014;10;162.50
1393;13;Heiden, van der;Helmond;RHMD;Gerda;Karel;401;Kaviaar;lux;2014-08-19 00:00:00.000;Tue;3;19;231;34;Aug;8;Q3;2014;17;365.50
1394;17;Jansen;Helmond;RHMD;Gerda;Harrie;402;Ganzenlever;lux;2014-08-19 00:00:00.000;Tue;3;19;231;34;Aug;8;Q3;2014;12;444.00
1395;16;Velzenmaker;Eindhoven;REHV;Klaas;Karel;408;Soja Chocolademelk Biologisch;bio;2014-08-25 00:00:00.000;Mon;2;25;237;35;Aug;8;Q3;2014;16;280.00
1397;12;Rademakers;Eindhoven;REHV;Klaas;Karel;411;Sojamelk Gezoet Biologisch;bio;2014-08-28 00:00:00.000;Thu;5;28;240;35;Aug;8;Q3;2014;5;109.75
1396;13;Heiden, van der;Helmond;RHMD;Gerda;Herman;402;Ganzenlever;lux;2014-08-28 00:00:00.000;Thu;5;28;240;35;Aug;8;Q3;2014;16;592.00
1396;13;Heiden, van der;Helmond;RHMD;Gerda;Herman;403;Vruchtenyoghurt Aardbei;zuv;2014-08-28 00:00:00.000;Thu;5;28;240;35;Aug;8;Q3;2014;23;350.75
1396;13;Heiden, van der;Helmond;RHMD;Gerda;Herman;406;Sojamelk Naturel Biologisch;bio;2014-08-28 00:00:00.000;Thu;5;28;240;35;Aug;8;Q3;2014;9;74.25
1396;13;Heiden, van der;Helmond;RHMD;Gerda;Herman;407;Zwezerik;lux;2014-08-28 00:00:00.000;Thu;5;28;240;35;Aug;8;Q3;2014;12;155.40
1398;15;Boer, de;Veghel;GVGH;Karel;Harrie;406;Sojamelk Naturel Biologisch;bio;2014-08-29 00:00:00.000;Fri;6;29;241;35;Aug;8;Q3;2014;11;90.75
1399;14;Kraymans;Erp;GVGH;Karel;Karel;402;Ganzenlever;lux;2014-08-30 00:00:00.000;Sat;7;30;242;35;Aug;8;Q3;2014;12;444.00
1399;14;Kraymans;Erp;GVGH;Karel;Karel;403;Vruchtenyoghurt Aardbei;zuv;2014-08-30 00:00:00.000;Sat;7;30;242;35;Aug;8;Q3;2014;21;320.25
1400;18;Bocht;Laarbeek;RHMD;Gerda;Harrie;406;Sojamelk Naturel Biologisch;bio;2014-08-30 00:00:00.000;Sat;7;30;242;35;Aug;8;Q3;2014;6;49.50
1401;11;Jansen;Eindhoven;REHV;Klaas;Karel;405;Magere Kwark;zuv;2014-09-02 00:00:00.000;Tue;3;2;245;36;Sep;9;Q3;2014;13;116.35
1402;11;Jansen;Eindhoven;REHV;Klaas;Klaas;402;Ganzenlever;lux;2014-09-02 00:00:00.000;Tue;3;2;245;36;Sep;9;Q3;2014;5;185.00
1404;16;Velzenmaker;Eindhoven;REHV;Klaas;Gerda;402;Ganzenlever;lux;2014-09-03 00:00:00.000;Wed;4;3;246;36;Sep;9;Q3;2014;7;259.00
1403;18;Bocht;Laarbeek;RHMD;Gerda;Bertha;402;Ganzenlever;lux;2014-09-03 00:00:00.000;Wed;4;3;246;36;Sep;9;Q3;2014;14;518.00
1405;18;Bocht;Laarbeek;RHMD;Gerda;Harrie;405;Magere Kwark;zuv;2014-09-04 00:00:00.000;Thu;5;4;247;36;Sep;9;Q3;2014;10;89.50
1406;14;Kraymans;Erp;GVGH;Karel;Karel;401;Kaviaar;lux;2014-09-06 00:00:00.000;Sat;7;6;249;36;Sep;9;Q3;2014;17;365.50
1407;13;Heiden, van der;Helmond;RHMD;Gerda;Harrie;405;Magere Kwark;zuv;2014-09-10 00:00:00.000;Wed;4;10;253;37;Sep;9;Q3;2014;15;134.25
1408;17;Jansen;Helmond;RHMD;Gerda;Klaas;411;Sojamelk Gezoet Biologisch;bio;2014-09-11 00:00:00.000;Thu;5;11;254;37;Sep;9;Q3;2014;9;197.55
1409;11;Jansen;Eindhoven;REHV;Klaas;Bertha;411;Sojamelk Gezoet Biologisch;bio;2014-09-12 00:00:00.000;Fri;6;12;255;37;Sep;9;Q3;2014;24;526.80
1410;15;Boer, de;Veghel;GVGH;Karel;Karel;403;Vruchtenyoghurt Aardbei;zuv;2014-09-13 00:00:00.000;Sat;7;13;256;37;Sep;9;Q3;2014;6;91.50
1410;15;Boer, de;Veghel;GVGH;Karel;Karel;407;Zwezerik;lux;2014-09-13 00:00:00.000;Sat;7;13;256;37;Sep;9;Q3;2014;21;271.95
1411;13;Heiden, van der;Helmond;RHMD;Gerda;Karel;410;Soja Vanillevla Biologisch;bio;2014-09-14 00:00:00.000;Sun;1;14;257;38;Sep;9;Q3;2014;10;225.00
1413;14;Kraymans;Erp;GVGH;Karel;Bertha;404;Volle Yoghurt;zuv;2014-09-19 00:00:00.000;Fri;6;19;262;38;Sep;9;Q3;2014;7;87.50
1412;13;Heiden, van der;Helmond;RHMD;Gerda;Harrie;404;Volle Yoghurt;zuv;2014-09-19 00:00:00.000;Fri;6;19;262;38;Sep;9;Q3;2014;8;100.00
1414;12;Rademakers;Eindhoven;REHV;Klaas;Karel;402;Ganzenlever;lux;2014-09-28 00:00:00.000;Sun;1;28;271;40;Sep;9;Q3;2014;7;259.00
1415;11;Jansen;Eindhoven;REHV;Klaas;Karel;407;Zwezerik;lux;2014-10-03 00:00:00.000;Fri;6;3;276;40;Oct;10;Q4;2014;22;284.90
1416;15;Boer, de;Veghel;GVGH;Karel;Gerda;408;Soja Chocolademelk Biologisch;bio;2014-10-12 00:00:00.000;Sun;1;12;285;42;Oct;10;Q4;2014;20;350.00
1417;19;Zuur;Veghel;GVGH;Karel;Gerda;403;Vruchtenyoghurt Aardbei;zuv;2014-10-16 00:00:00.000;Thu;5;16;289;42;Oct;10;Q4;2014;11;167.75
1418;15;Boer, de;Veghel;GVGH;Karel;Herman;401;Kaviaar;lux;2014-10-21 00:00:00.000;Tue;3;21;294;43;Oct;10;Q4;2014;19;408.50
1419;13;Heiden, van der;Helmond;RHMD;Gerda;Klaas;406;Sojamelk Naturel Biologisch;bio;2014-10-26 00:00:00.000;Sun;1;26;299;44;Oct;10;Q4;2014;17;140.25
1420;18;Bocht;Laarbeek;RHMD;Gerda;Harrie;407;Zwezerik;lux;2014-10-27 00:00:00.000;Mon;2;27;300;44;Oct;10;Q4;2014;21;271.95
1421;15;Boer, de;Veghel;GVGH;Karel;Gerda;402;Ganzenlever;lux;2014-10-29 00:00:00.000;Wed;4;29;302;44;Oct;10;Q4;2014;16;592.00
1421;15;Boer, de;Veghel;GVGH;Karel;Gerda;406;Sojamelk Naturel Biologisch;bio;2014-10-29 00:00:00.000;Wed;4;29;302;44;Oct;10;Q4;2014;14;115.50
1421;15;Boer, de;Veghel;GVGH;Karel;Gerda;410;Soja Vanillevla Biologisch;bio;2014-10-29 00:00:00.000;Wed;4;29;302;44;Oct;10;Q4;2014;20;450.00
1421;15;Boer, de;Veghel;GVGH;Karel;Gerda;411;Sojamelk Gezoet Biologisch;bio;2014-10-29 00:00:00.000;Wed;4;29;302;44;Oct;10;Q4;2014;9;197.55
1422;14;Kraymans;Erp;GVGH;Karel;Klaas;410;Soja Vanillevla Biologisch;bio;2014-11-01 00:00:00.000;Sat;7;1;305;44;Nov;11;Q4;2014;10;225.00
1423;14;Kraymans;Erp;GVGH;Karel;Karel;402;Ganzenlever;lux;2014-11-04 00:00:00.000;Tue;3;4;308;45;Nov;11;Q4;2014;19;703.00
1423;14;Kraymans;Erp;GVGH;Karel;Karel;407;Zwezerik;lux;2014-11-04 00:00:00.000;Tue;3;4;308;45;Nov;11;Q4;2014;3;38.85
1423;14;Kraymans;Erp;GVGH;Karel;Karel;409;Vruchtenyoghurt Mango;zuv;2014-11-04 00:00:00.000;Tue;3;4;308;45;Nov;11;Q4;2014;10;162.50
1424;19;Zuur;Veghel;GVGH;Karel;Karel;409;Vruchtenyoghurt Mango;zuv;2014-11-21 00:00:00.000;Fri;6;21;325;47;Nov;11;Q4;2014;12;195.00
1425;11;Jansen;Eindhoven;REHV;Klaas;Karel;404;Volle Yoghurt;zuv;2014-11-27 00:00:00.000;Thu;5;27;331;48;Nov;11;Q4;2014;14;175.00
1426;12;Rademakers;Eindhoven;REHV;Klaas;Gerda;410;Soja Vanillevla Biologisch;bio;2014-11-30 00:00:00.000;Sun;1;30;334;49;Nov;11;Q4;2014;7;157.50
1427;11;Jansen;Eindhoven;REHV;Klaas;Klaas;408;Soja Chocolademelk Biologisch;bio;2014-12-06 00:00:00.000;Sat;7;6;340;49;Dec;12;Q4;2014;22;385.00
1428;14;Kraymans;Erp;GVGH;Karel;Bertha;408;Soja Chocolademelk Biologisch;bio;2014-12-07 00:00:00.000;Sun;1;7;341;50;Dec;12;Q4;2014;19;332.50
1429;18;Bocht;Laarbeek;RHMD;Gerda;Klaas;408;Soja Chocolademelk Biologisch;bio;2014-12-08 00:00:00.000;Mon;2;8;342;50;Dec;12;Q4;2014;14;245.00
1430;11;Jansen;Eindhoven;REHV;Klaas;Harrie;405;Magere Kwark;zuv;2014-12-10 00:00:00.000;Wed;4;10;344;50;Dec;12;Q4;2014;11;98.45
1431;18;Bocht;Laarbeek;RHMD;Gerda;Gerda;407;Zwezerik;lux;2014-12-11 00:00:00.000;Thu;5;11;345;50;Dec;12;Q4;2014;22;284.90
1433;20;Bakermans;Waalre;REHV;Klaas;Karel;407;Zwezerik;lux;2014-12-15 00:00:00.000;Mon;2;15;349;51;Dec;12;Q4;2014;9;116.55
1432;18;Bocht;Laarbeek;RHMD;Gerda;Harrie;401;Kaviaar;lux;2014-12-15 00:00:00.000;Mon;2;15;349;51;Dec;12;Q4;2014;6;129.00
1432;18;Bocht;Laarbeek;RHMD;Gerda;Harrie;407;Zwezerik;lux;2014-12-15 00:00:00.000;Mon;2;15;349;51;Dec;12;Q4;2014;28;362.60
1434;13;Heiden, van der;Helmond;RHMD;Gerda;Bertha;409;Vruchtenyoghurt Mango;zuv;2014-12-16 00:00:00.000;Tue;3;16;350;51;Dec;12;Q4;2014;11;178.75
1435;15;Boer, de;Veghel;GVGH;Karel;Gerda;411;Sojamelk Gezoet Biologisch;bio;2014-12-17 00:00:00.000;Wed;4;17;351;51;Dec;12;Q4;2014;6;131.70
1436;12;Rademakers;Eindhoven;REHV;Klaas;Karel;402;Ganzenlever;lux;2014-12-17 00:00:00.000;Wed;4;17;351;51;Dec;12;Q4;2014;9;333.00
1437;12;Rademakers;Eindhoven;REHV;Klaas;Bertha;404;Volle Yoghurt;zuv;2014-12-22 00:00:00.000;Mon;2;22;356;52;Dec;12;Q4;2014;17;212.50
1437;12;Rademakers;Eindhoven;REHV;Klaas;Bertha;405;Magere Kwark;zuv;2014-12-22 00:00:00.000;Mon;2;22;356;52;Dec;12;Q4;2014;3;26.85
1439;15;Boer, de;Veghel;GVGH;Karel;Bertha;407;Zwezerik;lux;2014-12-26 00:00:00.000;Fri;6;26;360;52;Dec;12;Q4;2014;11;142.45
1438;16;Velzenmaker;Eindhoven;REHV;Klaas;Karel;402;Ganzenlever;lux;2014-12-26 00:00:00.000;Fri;6;26;360;52;Dec;12;Q4;2014;6;222.00
